ticker,call,date,page,figures,sentence
NTPC,Q1FY27,2026-08-02,5,20%; 21%,"And our share of electricity, which is around 20%, 21%, is increasing, and in coming days it will be much higher, which is giving a lot of confidence that we will be growing at a much faster rate."
NTPC,Q1FY27,2026-08-02,5,25%,"So, as I explained that there is a huge growth which is happening, and there is no reason that we will be left behind to maintain our market share of around 25%."
NTPC,Q1FY27,2026-08-02,5,270 gigawatt,"Peak demand, as all of you know that it has already crossed 270 gigawatt, and as per the projections, I think we will be having around 450 plus by financial year 2036."
NTPC,Q1FY27,2026-08-02,5,9.6 gigawatt; 60%,"During the last financial year, as you all will be knowing, we had added the ever-highest capacity, which is 9.6 gigawatt, with nearly 60% addition coming from the renewable energy sources."
NTPC,Q1FY27,2026-08-02,5,"1,350 megawatt","We have acquired, along with Mahagenco, Sinnar thermal power station, which is 1,350 megawatt, and we are putting best efforts to commission one unit in this calendar year and then one after the other."
NTPC,Q1FY27,2026-08-02,6,"1,000 megawatt","All of you know that THDC has commissioned its storage plant, 1,000 megawatt pump storage plant."
NTPC,Q1FY27,2026-08-02,6,700 megawatt,Ashvini is our joint venture with NPCIL for 4x700 megawatt nuclear power plant.
NTPC,Q1FY27,2026-08-02,6,37 gigawatt; 12 gigawatt,"Our present pipeline is around 37 gigawatt, which is under construction, and another around 12 gigawatt under tendering stage."
NTPC,Q1FY27,2026-08-02,6,25%,And we intend to take our coal production to a level where we can meet around 25% in next 3 to 4 years.
NTPC,Q1FY27,2026-08-02,6,"28,462 crore; 22,965 crore","And on standalone, capex was INR 28,462 crore as compared to INR 22,965 crores in the previous year."
NTPC,Q1FY27,2026-08-02,7,149 gigawatt; 16.8 lakh crore,"One of the most important thing which I would like to share, considering the revised capacity addition target, which is around 149 gigawatt by 2032, but if we consider around FY37, so almost in the next 10 years, estimate is that we are going to incur around 16.8 lakh crores."
NTPC,Q1FY27,2026-08-02,7,6.4%,"Beginning with Indian economy and the structural outlook, India continues to be the fastest- growing major economy, with IMF projecting GDP growth of 6.4% in 2026, well above all G7 nations and key BRICS member countries."
NTPC,Q1FY27,2026-08-02,7,7.7%; 6.2%,"The economy also outperformed expectations in 2025 calendar, recording 7.7% growth against the IMF estimates of 6.2%."
NTPC,Q1FY27,2026-08-02,7,9%,"This transformation is expected to be driven by a sustained 9% CAGR supported by India's favourable demographic profile, abundant renewable energy potential, and continued investment in infrastructure and industrial development."
NTPC,Q1FY27,2026-08-02,8,78%; 29%,"In generation terms, share of non-fossil sources would be 78% by 2050 from 29% as of FY26."
NTPC,Q1FY27,2026-08-02,8,98%,"Going further, by 2070, non-fossil sources are expected to account for nearly 98% of installed capacity."
NTPC,Q1FY27,2026-08-02,8,50%,"India further achieved the milestone of 50% cumulative installed capacity from non-fossil fuel source in June 2025, five years ahead of its target set by its Nationally Determined Contribution to Paris Agreement commitment."
NTPC,Q1FY27,2026-08-02,8,"1,708 billion units; 8,100 billion units; 13,000 billion units","India's electricity requirement is projected to grow from 1,708 billion units in FY26 to 8,100 billion units by FY50 and further to 13,000 billion units by FY70."
NTPC,Q1FY27,2026-08-02,8,"245 gigawatt; 750 gigawatt; 1,200 gigawatt; 271 gigawatt","Correspondingly, peak demand is expected to rise from 245 gigawatt in FY26 to 750 gigawatt by FY50 and further on to 1,200 gigawatt by FY70, with demand already touching a record 271 gigawatt in May 2026."
NTPC,Q1FY27,2026-08-02,8,6%,"As per NITI Aayog, per capita electricity consumption is expected to nearly grow by a CAGR of 6% to 6,400 units by 2050 and further to 10,000 units by 2070, aligning it to the then global average."
NTPC,Q1FY27,2026-08-02,8,90 gigawatt; 35.7 gigawatt,"NTPC group currently operates over 90 gigawatt of commercial capacity, while another 35.7 gigawatt is under construction, underscoring the scale of its growth ambitions."
NTPC,Q1FY27,2026-08-02,9,18%; 25%,"Presently, 18% of our coal requirement is met through our captive coal mines, which would go up to 25% fulfilment through captive mining by FY30, thus enhancing the fuel security and supply reliability."
NTPC,Q1FY27,2026-08-02,9,50 megawatt,"First solar project, 50 megawatt under construction in Sri Lanka through a 50-50 joint venture with Electricity Generation Lanka Private Limited."
NTPC,Q1FY27,2026-08-02,9,70 megawatt,"First phase of the project is under development, and second phase of 70 megawatt is under planning."
NTPC,Q1FY27,2026-08-02,9,150 gigawatt; 250 gigawatt,"Guided by our new corporate plan, NTPC is charting an ambitious growth trajectory, targeting a capacity portfolio of 150 gigawatts by FY32 and on to 250 gigawatts by FY37."
NTPC,Q1FY27,2026-08-02,9,82%; 56%; 39%,"With renewable energy driving a significant share of this expansion, as you can see, the share of fossil fuel-based capacity is expected to gradually decline from 82% today to 56% by FY32 and further to 39% by 2037."
NTPC,Q1FY27,2026-08-02,10,7%; 943 billion units; 4.00%; 33%,"In billion unit terms, while the overall generation will grow by nearly 7% to reach 943 billion units by FY37, the share of renewable energy is expected to increase from the current 4.00% to nearly 33% by FY37."
NTPC,Q1FY27,2026-08-02,10,93%; 58%,"In the process, the share of fossil-based generation would have declined from 93% to 58%, which augurs quite well with our larger national goal of achieving net zero by 2070."
NTPC,Q1FY27,2026-08-02,10,"1,08,000 crore","Group-level capex is INR1,08,000 crores estimates."
NTPC,Q1FY27,2026-08-02,10,"5,97,000 crore; 60 gigawatt","In the second phasing, comprising five years from FY28 to FY32, total capex would be INR5,97,000 crores, driven primarily by renewable energy projects as we move towards our goal of becoming a 60 gigawatt company in the renewable space."
NTPC,Q1FY27,2026-08-02,10,"9,63,000 crore","We'll see a major shift towards nuclear power as well, while continuing with the RE project as well, with an approximately INR9,63,000 crores as capex."
NTPC,Q1FY27,2026-08-02,10,17 lakh crore,"So, the total capex envisaged is INR17 lakh crores, as CMD sir was mentioning, over the next 11 years, that is up to financial year 37."
NTPC,Q1FY27,2026-08-02,10,60 gigawatt; 136 gigawatt,Our renewable portfolio is targeted to reach 60 gigawatts by FY32 and expand further to 136 gigawatts by FY37.
NTPC,Q1FY27,2026-08-02,10,4.2 gigawatt; 7 gigawatt; 8 gigawatt,"During FY26, we have added around 4.2 gigawatt, and further, subject to transmission infrastructure, we are targeting to add another 7 gigawatts to 8 gigawatts for the renewable capacity in FY27."
NTPC,Q1FY27,2026-08-02,10,1.8 gigawatt,A further 1.8 gigawatt-hours of BESS projects are under planning to strengthen our near-term storage portfolio.
NTPC,Q1FY27,2026-08-02,10,30.4 gigawatt; 18.6 gigawatt,"Beyond this, NTPC is developing a substantial non-solar hour BESS pipeline of 30.4 gigawatt-hours, of which 18.6 gigawatt-hours have already been tendered."
NTPC,Q1FY27,2026-08-02,10,30 gigawatt,"Coming to newer frontiers, steps being undertaken on the nuclear front, we have an ambitious goal of installing 30 gigawatts of nuclear capacity by FY47."
NTPC,Q1FY27,2026-08-02,11,13.2 gigawatt; 5 gigawatt; 6 gigawatt,"We have been allocated 13.2 gigawatt of PSP project across Tamil Nadu, Maharashtra, Chhattisgarh, Madhya Pradesh, and Odisha, and we aim to commission 3 to 5 gigawatt of capacity by FY33 and nearly 6 gigawatt by FY2037."
NTPC,Q1FY27,2026-08-02,11,1 lakh crore,"Spread across 1,200 acres with an envisaged investment of around INR 1 lakh crores, the project will create an integrated ecosystem encompassing hydrogen production, derivative manufacturing, and export infrastructure, producing green chemicals such as green methanol, ammonia, ethanol, sustainable aviation fuel, and green urea."
NTPC,Q1FY27,2026-08-02,14,250 gigawatt,"As we lead India's energy transition, we are balancing growth with sustainability, innovation with reliability, and ambition with disciplined execution, with a clear path to 250 gigawatt by FY37 and a diversified portfolio spanning conventional, renewable, nuclear, and emerging energy businesses."
NTPC,Q1FY27,2026-08-02,15,9.6 gigawatt,"CMD: But at the same time, it was also said that most of the generation, like this out of the 9.6 gigawatt, the maximum was commissioned was renewable."
NTPC,Q1FY27,2026-08-02,15,32 gigawatt; 97 gigawatt,"So as of now, what we have planned is for the last 30 to 32 gigawatt, our group coal capacity, will go up to almost around 97 gigawatt."
NTPC,Q1FY27,2026-08-02,16,4 gigawatt; 5 gigawatt,"Participant: So my question was, given the technology challenges in nuclear, do you think you'll be able to build a pipeline of 4 gigawatt to 5 gigawatt over next two to three years, given the RE."
NTPC,Q1FY27,2026-08-02,16,7 gigawatt,This year we have capacity target addition of 7 gigawatt.
NTPC,Q1FY27,2026-08-02,17,30 gigawatt,"And as sir has rightly said, the target is 30 gigawatt."
NTPC,Q1FY27,2026-08-02,19,5 gigawatt,We have heard about NTPC looking to co-locate 5 gigawatt hour of BESS projects at thermal power plants.
NTPC,Q1FY27,2026-08-02,19,55%,"At least the coal-based plants can come up to technical minimum, which is 55%."
NTPC,Q1FY27,2026-08-02,21,13 gigawatt,"And for the 13 gigawatts of coal capacity addition being planned, I mean, how does NTPC see its share in coal capacity addition?"
NTPC,Q1FY27,2026-08-02,21,77 gigawatt,It will go up to 77 gigawatts as per the plan.
NTPC,Q1FY27,2026-08-02,21,17 gigawatt; 91 gigawatt,"We have a 17 gigawatt in the pipeline, which would at then go reach 91 gigawatts."
NTPC,Q1FY27,2026-08-02,21,36%; 40%,Director (Finance): It will be hovering around 36% to 40%.
NTPC,Q1FY27,2026-08-02,22,25%,"There will be lot of pump storage, in that pump storage 25% power is wasted."
NTPC,Q1FY27,2026-08-02,23,7 gigawatt,"Participant: And sir, just on this renewable 7 gigawatt whatever we are planning, how much of that do we have transmission facility so that we will get a realistic approach … CMD: If we don't have the transmission facility then we are not able to commission."
NTPC,Q1FY27,2026-08-02,23,7 gigawatt,"Participant: So, you're confident these 7 gigawatts are kind of an achievable target?"
NTPC,Q1FY27,2026-08-02,24,15.50%; 12%; 13%,"So, we are quite happy to make the return, what is regulated return, which is at the end when it is commissioned after that it is around 15.50%, which in nutshell is around between 12% to 13%, which is a healthy kind of return which is sustainable."
NTPC,Q4FY26,2026-05-27,5,86 GW; 68 GW,"NTPC Limited May 23, 2026 Page 4 of 17 As per the latest CEA estimates, the additional coal capacity requirement till 2036 is projected to be 86 GW, of which 68 GW is in pipeline."
NTPC,Q4FY26,2026-05-27,5,"20,000 crore; 60 GW","Government of India enhanced investment approval limit for renewable subsidiaries up to INR20,000 crores, supporting NTPC's target of 60 GW renewable capacity by 2032."
NTPC,Q4FY26,2026-05-27,6,320 MW,"Additionally, 320 MWh BESS is being executed by NGEL and further capacities are also under pipeline."
NTPC,Q4FY26,2026-05-27,6,"49,068 crore; 44,636 crore","In FY26, we have incurred a group capex of INR49,068 crores as compared to INR44,636 crores in the previous year."
NTPC,Q4FY26,2026-05-27,6,"28,462 crore; 22,965 crore","While on the stand-alone basis, NTPC has incurred capex of INR28,462 crores in FY26 as compared to INR22,965 crores in the previous year."
NTPC,Q4FY26,2026-05-27,6,"4,04,210 crore; 4,70,618 crore; 16%","The gross property, plant and machinery as on 31st March 2026 on group level has increased from INR4,04,210 crores to INR4,70,618 crores during last 1 year, an increase of 16%."
NTPC,Q4FY26,2026-05-27,7,34 GW; 16.5 GW; 2.6 GW; 15 GW,"NTPC Group currently has over 34 GW of capacity under construction, comprising 16.5 GW of coal-based capacity, about 2.6 GW of hydro capacity and 15 GW of renewable energy capacity providing a strong foundation for near- to medium-term growth."
NTPC,Q4FY26,2026-05-27,7,8 GW,"In the Renewables segment, we are planning to add around 8 GW capacity."
NTPC,Q4FY26,2026-05-27,8,"9,557 MW","See, as far as FY27 is concerned, on a totality basis, we are planning around 9,557 MW of capacity."
NTPC,Q4FY26,2026-05-27,8,"1,070 MW; 250 MW; 8,237 MW","If I break down it into thermal, hydro and renewable, thermal would constitute 1,070 MW, hydro will be 250 MW, and renewable total would be 8,237 MW."
NTPC,Q4FY26,2026-05-27,8,"10,039 MW; 1,460 MW; 444 MW; 8,135 MW","The year next, FY28, the total plant capacity addition is 10,039 MW, comprising of thermal 1,460 MW, hydro total will be 444 MW and renewable total will be 8,135 MW."
NTPC,Q4FY26,2026-05-27,8,660 MW,"And this would broadly come from , 660 MW will come from TTPS Stage 3 Unit 1 we are expecting in Q3."
NTPC,Q4FY26,2026-05-27,8,800 MW,"Patratu Unit 3 in the quarter 1, will be 800 MW."
NTPC,Q4FY26,2026-05-27,8,444 MW,"Hydro, we are expecting Vishnugad Pipalkoti of the THDC, 444 MW."
NTPC,Q4FY26,2026-05-27,8,"11,478 MW","In a similar way for FY29, we are planning 11,478 MW total capacity."
NTPC,Q4FY26,2026-05-27,8,270 MW; 810 MW,"And we are expecting the Sinnar thermal , Unit 3 in Q2 and Unit 4 and 5 in the Quarter 3, 3 Units of 270 MW each, , which we'll be adding in the next fiscal year, 810 MW."
NTPC,Q4FY26,2026-05-27,10,3.4 GW,"And if you can also add that beyond this, I mean, are you seeing further growth drivers in the pipeline, which is currently a capacity under pipeline with 3.4 GW."
NTPC,Q4FY26,2026-05-27,10,5 GW,"Management: See, first thing is it was not FY27, it was FY26 that we were planning around 5 GW, and some of the units spilled over to the next year or we expect it to spill over."
NTPC,Q4FY26,2026-05-27,10,8 GW,"And right now, we are planning an average of 8 GW per annum."
NTPC,Q4FY26,2026-05-27,10,60 GW,So our idea would be to steeply increase it so that we fulfil our target of 60 GW much ahead of what we are planning by 2032.
NTPC,Q4FY26,2026-05-27,10,88%; 3%; 9%,"As far as FY28 is concerned, whatever CODs are expected in FY28, we have a projected firm connectivity of 88% and 3% would be coming from the T-GNA, remaining 9% is something which we are yet to tie-up."
NTPC,Q4FY26,2026-05-27,11,85%; 100%; 55%,"if I have declared a certain capacity higher than the technical minimum or let us say 85% or 100% and the scheduling comes below 55% for some reason, I'm not obliged to run this plant, I can take a reserve shutdown and whatever is the comfortable time required for ramping up it later on, I'll do that."
NTPC,Q4FY26,2026-05-27,12,"18,010 MW","So that puts the NTPC Group broad plan at 18,010 MW."
NTPC,Q4FY26,2026-05-27,12,3 GW; 5 GW,"Another 3 GW to 5 GW, you can expect to be commercialized by 2032 to '33."
NTPC,Q4FY26,2026-05-27,12,3 GW; 5 GW,"So you can expect some 3 GW to 5 GW completion, we have the target in the next 7 years."
NTPC,Q4FY26,2026-05-27,12,32 GW; 30 GW,"When compared to previous quarter, the full pipeline, I think, has reduced from 32 GW to 30 GW."
NTPC,Q4FY26,2026-05-27,14,"6,22,000 crore; 3 lakh crore","We have a broad capex for the group of INR6,22,000 crores till the financial '32 and we have allocated roughly half of that, around INR3 lakh crores for renewable energy, which should broadly be done by NGEL."
NTPC,Q4FY26,2026-05-27,14,"35,800 crore","For NGEL, for current year it would be capex of INR35,800 crores."
NTPC,Q4FY26,2026-05-27,14,"46,000 crore; 48,000 crore","Next year, it would be INR46,000 crores and the year next, it would be INR48,000 crores."
NTPC,Q4FY26,2026-05-27,15,1.5 GW,"Sir, I wanted to know, do we have any plans of doing battery storage in existing renewable projects, co-location of battery storage and the second question was regarding the 1.5 GW renewable project that we are planning to do in NTPC Rajasthan Green Energy Limited, what's the update on that and when can we expect that project to be completed?"
NTPC,Q4FY26,2026-05-27,15,"1,000 MW","And co-located with solar projects, it will be 1,000 MW, which is under tendering right now."
NTPC,Q4FY26,2026-05-27,15,4 GW,"But there are around 4 GW more, which is under planning stage right now, which would be at Khavda, it would be Bikaner, Fatehgarh, Sitapur and one which is Chhattisgarh."
NTPC,Q4FY26,2026-05-27,15,14.5 GW,"We are in addition, application for non-solar connectivity of 14.5 GW has been applied and BESS of 2- to 4-hour capacity, which is under initial stages of planning right now."
NTPC,Q3FY26,2026-02-04,4,3.7 MW,"We have also commissioned 3.7 MW solar project at Chushul, which is in Ladakh, which is designed for providing 24X7 carbon-free electricity to the Indian Army."
NTPC,Q3FY26,2026-02-04,6,"33,466 crore; 30,779 crore","As regards capex in the 9 months FY '26, we have incurred a group capex of INR33,466 crores as compared to INR30,779 crores in the corresponding previous period."
NTPC,Q3FY26,2026-02-04,6,"19,439 crore; 17,853 crore","While on a standalone basis, NTPC has incurred a capex of INR19,439 crores in 9 months FY '26 as compared to INR17,853 crores in the corresponding previous year period."
NTPC,Q3FY26,2026-02-04,6,"67,323 crore; 4,54,223 crore; 17.4%","The gross property, plant and machinery as on 31st December 2025 on a group level has increased by INR67,323 crores to INR4,54,223 crores during last 1 year, an increase of 17.4%."
NTPC,Q3FY26,2026-02-04,7,"11,653 crore; 7,261 crore","Consolidated capex during 9 months FY '26 stood at INR11,653 crores compared to INR7,261 crores in the corresponding period last year."
NTPC,Q3FY26,2026-02-04,7,"5,000 MW","In addition, as highlighted in the previous con call, we are in the final stage of evaluation of a tender for 5,000 MWh of BESS capacity at 16 NTPC power stations under Section 62 with commissioning expected within 18 months."
NTPC,Q3FY26,2026-02-04,7,250 MW,The third unit of Tehri pumped storage project has been commissioned and the final unit of 250 MW is scheduled to be commissioned before the end of the current financial year.
NTPC,Q3FY26,2026-02-04,8,13 GW,"Further preliminary studies are underway for pumped storage projects aggregating to around 13 GW allocated by state governments, which will be executed through group companies of NTPC."
NTPC,Q3FY26,2026-02-04,8,33 GW; 16.5 GW; 1.9 GW; 15 GW,"We have over 33 GW of capacity under construction comprising 16.5 GW of coal-based capacity, about 1.9 GW of hydro and around 15 GW of renewable energy, and this is providing a solid foundation for near- to medium-term growth."
NTPC,Q3FY26,2026-02-04,9,"5,200 MW","CEO NGEL See, as far as our capacity addition plan for this year was concerned, we had promised that we would be doing around 5,200 MW on a year-on-year basis."
NTPC,Q3FY26,2026-02-04,9,"1,000 MW; 200 MW; 250 MW; 300 MW; 550 MW","We are going to add around 1,000 MW more at Khavda, 200 MW more at Bhadla and 250 MW at Kalasar, together around 300 MW of wind will come from our Gujarat plants and also around 500 to 550 MW will be coming from our Ayana portfolio."
NTPC,Q3FY26,2026-02-04,9,5 GW,"So the capacity addition plan is very much on track, and we would be touching our 5 GW target."
NTPC,Q3FY26,2026-02-04,9,"4,400 MW","2,300 to 2,400 can be done in next 2 months that will be 4,400 MW?"
NTPC,Q3FY26,2026-02-04,9,"2,500 MW","So as I told you, for the balance one also around 2,500 MW is on target."
NTPC,Q3FY26,2026-02-04,9,8 GW,CEO NGEL Our plan as of now for FY '27 is 8 GW.
NTPC,Q3FY26,2026-02-04,9,8 GW,"And likewise, for FY '28 also, we are targeting 8 GW of capacity addition."
NTPC,Q3FY26,2026-02-04,11,82%,"In FY '26, the capacities that we will now be adding will be -- is almost 82% PPA tied."
NTPC,Q3FY26,2026-02-04,12,2.5 GW; 8 GW,"And sir, secondly, on NGEL, I just wanted to understand, so you're looking at 2.5 GW in the next 2 months and 8 GW, just next year, just how -- are you looking at right of way connectivity?"
NTPC,Q3FY26,2026-02-04,12,2.5 GW; 2.5 GW,"So these are -- you have a very high reasonable surety that these plants have connectivity commissioned and that we will be able to commission 2.5 GW in the next 2 months, just the level of confidence you have for these 2.5 GW in the next 2 months?"
NTPC,Q3FY26,2026-02-04,12,20 GW; 75%,"Sarit was explaining around 20 GW that we are targeting over the next 3 years, the entire PPA -- the PPA up to 75% is in place."
NTPC,Q3FY26,2026-02-04,12,2.5 GW,"But in terms of connectivity, the energizing of the plant and the connectivity being available, this would be contingent on connectivity being there, right, the 2.5 GW."
NTPC,Q3FY26,2026-02-04,13,300 MW; 200 MW,"we have already commissioned at Bhadla 300 MW, so every system over there is also charged and the balance 200 MW, we will bring there also."
NTPC,Q3FY26,2026-02-04,13,"1,200 MW","So this gives a very clear 1,200 MW, which is very much ready and can be commissioned within the next 1 to 1.5 months only."
NTPC,Q3FY26,2026-02-04,13,550 MW,"In addition to that, we have from our Ayana platform also 500 to 550 MW, which is in advanced stage of commissioning."
NTPC,Q3FY26,2026-02-04,13,150 MW,"And from Dayapar, we are also targeting around 150 MW."
NTPC,Q3FY26,2026-02-04,13,250 MW,"In addition, there is one more plant, as I explained before, also, Kalasar, which is 250 MW."
NTPC,Q3FY26,2026-02-04,13,"2,780 MW","As far as thermal for the current year is concerned, see, as you know that we already -- in my opening statement, we have said that how much is the actual that has been commissioned till 31st Dec 2025, 2,780 MW is already commissioned."
NTPC,Q3FY26,2026-02-04,14,"6,500 MW; 2,120 MW; 1320 MW; 800 MW","Management Over the next 3-year period, 6,500 MW would be added, 2,780 during the current year; next year, it is 2 units of 800, 1,600; and the year next, it would be 2,120 MW, this is coming from TTPS Stage 3 1320 MW and Lara -Stage 2, this is 800 MW."
NTPC,Q3FY26,2026-02-04,14,"4 gigawatt; 1,600 MW","Management: Next year, we are looking at an award of 4 gigawatt that will be Lara-2 1,600 MW."
NTPC,Q3FY26,2026-02-04,14,800 MW,"The next financial year, we are planning Talcher thermal-based extension of another 800 MW at this instance."
NTPC,Q3FY26,2026-02-04,15,11%; 12%,"I'm saying the green ammonia project that we won, could you please clarify outside in the bids look aggressive to us, so I wanted to check, does the project meet our return threshold of 11%, 12% for higher equity IRR or are there any plans to reconsider that green ammonia project?"
NTPC,Q2FY26,2025-11-06,3,6.5%; 7%,"With GDP projected to grow between 6.5% to 7% in the coming years, electricity demand is expected to rise steadily, led by manufacturing and expanding digital infrastructure."
NTPC,Q2FY26,2025-11-06,6,"23,115 crore; 17,474 crore; 14,149 crore; 14,040 crore","As regards capital expenditure, in H1 FY26 we have incurred a group CAPEX of ₹23,115 crore as compared to ₹17,474 crore in the corresponding previous period, while on a standalone basis NTPC has incurred a CAPEX of ₹14,149 crore in H1 FY26 as compared to ₹14,040 crore in the corresponding previous period."
NTPC,Q2FY26,2025-11-06,6,"54,336 crore; 4,37,142 crore; 14%","The Gross Property, Plant and equipment (PPE) as on 30 September 2025 on the group level has increased by ₹54,336 crore to ₹4,37,142 crore during last one year, an increase of 14%."
NTPC,Q2FY26,2025-11-06,6,"6,607 crore; 4,884 crore","During the six months ended 30 September 2025, NGEL and its subsidiaries incurred a consolidated capex of ₹6,607 crore, substantially higher than ₹4,884 crore spent during the six months ended 30 September 2024."
NTPC,Q2FY26,2025-11-06,6,625 crore; 250 crore,"Based on the questions raised by the investors during the earlier con calls, I would like to inform that the fixed costs under recoveries till September 2025 is ₹625 crore and we expect this number to be around ₹250 crore by the end of the year."
NTPC,Q2FY26,2025-11-06,7,21 GW; 250 megawatt,"Out of the 21 GW of PSPs we are pursuing on different fronts, we have commissioned two units of 250 megawatt each at Tehri Pumped Storage Project in H1 FY26 and we expect to commission remaining two units in the current fiscal."
NTPC,Q2FY26,2025-11-06,9,130 GW; 149 GW; 244 GW,"NTPC Limited October 30, 2025 Page 8 of 18 As highlighted during annual investor meet, we have revised our capacity addition target from existing 130 GW to 149 GW by 2032 and 244 GW by 2037."
NTPC,Q2FY26,2025-11-06,9,7 lakh crore,"Accordingly, the estimated capital expenditure requirement is 7 lakh crore by 2032."
NTPC,Q2FY26,2025-11-06,9,33 GW; 17 GW; 2 GW; 14 GW,"Our current capacity under construction stands at 33 GW consisting of 17 GW coal, 2 GW hydro and 14 GW renewable."
NTPC,Q2FY26,2025-11-06,9,60 GW,"At the same time, NGEL is driving expeditious execution of renewable projects to ensure capacity ramp up, supporting our goal of achieving 60 GW of RE capacity by FY32."
NTPC,Q2FY26,2025-11-06,10,11.8 GW,Are you on track to meet the capacity target of 11.8 GW in FY26 or do you think there could be some miss?
NTPC,Q2FY26,2025-11-06,10,2019 MW; 7825 MW; 9844 MW,"In fact, for FY26, we have a target of 2019 MW on a standalone basis and 7825 MW for JVs and subsidiaries, both totaling to 9844 MW."
NTPC,Q2FY26,2025-11-06,12,5000 MW,"Located at NTPC coal plants, 5000 MW will be regulated."
NTPC,Q2FY26,2025-11-06,12,1.6 GW,"In this financial year, another 1.6 GW is expected to be awarded."
NTPC,Q2FY26,2025-11-06,12,2.4 GW,"Then coming to next financial year, we are planning 2.4 GW."
NTPC,Q2FY26,2025-11-06,12,20 crore,"Management: For Mahi Banswara, the cost will be around ₹20 crore per MW."
NTPC,Q2FY26,2025-11-06,12,700 MW; 2800 MW,"Management: This will be four units of 700 MW, constituting 2800 MW."
NTPC,Q2FY26,2025-11-06,13,"30,000 crore","Management: In the financial year 2025-26, we are going to incur a capex of around ₹30,000 crore, which will be financed through debt and equity."
NTPC,Q2FY26,2025-11-06,13,"24,000 crore","Sir, we plan to spend ₹24,000 crore in the next six months at NTPC Green."
NTPC,Q2FY26,2025-11-06,15,9 GW,"Around 9 GW, the pipeline which is not signed PPA."
NTPC,Q2FY26,2025-11-06,16,244 GW,"You mentioned 244 GW of capacity target, that was 2047?"
NTPC,Q2FY26,2025-11-06,16,140 GW,"And renewable, we are targeting a substantial amount, almost double, close to 130 to 140 GW."
NTPC,Q2FY26,2025-11-06,17,17 GW; 2 GW,You have a capacity under construction in thermal of 17 GW and hydro of 2 GW.
NTPC,Q2FY26,2025-11-06,17,33 GW,Management: We have under construction capacity of around 33 GW.
NTPC,Q2FY26,2025-11-06,17,6 GW; 8 GW,"We can give you a COD guidance of this, which we had already, at the cost of repetition, let me say, that broadly is 6 GW during the current year and 8 GW each in the next two years."
NTPC,Q2FY26,2025-11-06,17,2780 MW; 1600 MW; 2120 MW,"Thermal is 2780 MW during the current year, 1600 MW in the next year and 2120 MW during FY28."
NTPC,Q2FY26,2025-11-06,17,444 MW; 0.44 GW,"Next year, there won't be any COD achievement, but next year it will be 444 MW or 0.44 GW."
NTPC,Q2FY26,2025-11-06,17,"1,16,000 crore","Rajesh Majumdar: Sir, the last question is that regulated equity as of 30 September is ₹1,16,000 crore, what is the targeted regulated equity as of FY28?"
NTPC,Q2FY26,2025-11-06,18,400 MW,"We were targeting another 300 to 400 MW more in Khavda, which got slipped, which we will make it up in the second half."
NTPC,Q2FY26,2025-11-06,19,2 GW; 1.7 GW,"Traditionally in the third quarter and the fourth quarter because it is the fair weather season everywhere, so, we are targeting around 2 GW in the third quarter and another 1.7 GW in the fourth quarter."
NTPC,Q1FY26,2025-08-25,5,149 gigawatt,"We have already revised that and the upward revision is, it is 149 gigawatt by FY32 instead of 130."
NTPC,Q1FY26,2025-08-25,5,7 lakh crore,"And in that also there is going to be, there will be additional capex, which will be going in the PSP, green chemicals, BESS etc., so put together, we aim to invest about INR7 lakh crore by FY32."
NTPC,Q1FY26,2025-08-25,6,250 megawatt,"And in case of THDC, we have already commissioned two units of the pumped hydro of 250 megawatt each."
NTPC,Q1FY26,2025-08-25,6,1000 megawatt,"By October end, we expect that the full 1000 megawatt capacity should be fully operational."
NTPC,Q1FY26,2025-08-25,6,100%,"We have very recently achieved a 100% load on Patratu Unit-1 and in this year, we are expecting that the Unit-1 and Unit-2 will also be commissioned by the end of the financial year."
NTPC,Q1FY26,2025-08-25,7,42%,"With this, the total dividend will become INR 8.35 which is approximately 42% of our profit."
NTPC,Q1FY26,2025-08-25,8,26 gigawatt; 62 gigawatt; 88 gigawatt; 89 gigawatt,"The coal based plants already, we will be putting around 26 gigawatt in addition to our 62 gigawatt, so it should become 88 gigawatt to 89 gigawatt in the next five years."
NTPC,Q1FY26,2025-08-25,9,2474 billion units; 3776 billion units; 575 gigawatt; 5%,"Energy consumption is forecast to rise from 2474 billion units in FY32 to 3776 billion units by FY42, while peak demand is anticipated to touch 575 gigawatt by FY42, representing a robust CAGR of 5% over this period."
NTPC,Q1FY26,2025-08-25,9,83 gigawatt; 31 gigawatt,"Presently, NTPC is having 83 gigawatt installed capacity and a further 31 gigawatt capacity is under construction."
NTPC,Q1FY26,2025-08-25,9,31 gigawatt,"At present, nearly 31 gigawatt capacity is under construction."
NTPC,Q1FY26,2025-08-25,9,500 gigawatt,NTPC is steadfast in its commitment to India's national goals of achieving net zero emission by 2070 and installing 500 gigawatt of non-fossil fuel capacity by 2030.
NTPC,Q1FY26,2025-08-25,10,30 gigawatt; 100 gigawatt,"Coming to our steps in the new frontiers, NTPC has entered the nuclear energy domain with an ambitious goal of installing 30 gigawatt of nuclear capacity by 2047, contributing significantly to the nation's 100 gigawatt target."
NTPC,Q1FY26,2025-08-25,10,21370 megawatt,The NTPC group has an ambitious plan to develop 21370 megawatt of pump storage capacity.
NTPC,Q1FY26,2025-08-25,10,5600 megawatt; 5 gigawatt,"We have been allocated 5600 megawatt of PSP project across Tamil Nadu, Maharashtra, Chhattisgarh and Madhya Pradesh and we aim to commission 3 to 5 gigawatt of capacity by FY32."
NTPC,Q1FY26,2025-08-25,11,31 gigawatt; 7.2 gigawatt,"Moving to our present visibility in terms of growth trajectory, NTPC is poised for a robust growth with 31 gigawatt of capacity under construction and plans to add 7.2 gigawatt through new thermal orders to ensure a reliable base load supply."
NTPC,Q1FY26,2025-08-25,11,8 gigawatt; 60 gigawatt,"In line with its vision for a cleaner energy mix, the company aims to expand its renewable portfolio from 8 gigawatt at present to 60 gigawatt by 2032, reinforcing its leadership in green energy."
NTPC,Q1FY26,2025-08-25,11,5 gigawatt; 2.8 gigawatt,"The company is also pioneering advancements in energy storage, targeting 3 to 5 gigawatt of pump storage PSP by 2032 and is making a strategic entry into nuclear power with 2.8 gigawatt of capacity planned to be awarded within this fiscal year."
NTPC,Q1FY26,2025-08-25,11,7 lakh crore,"To realize this ambitious growth target, NTPC has outlined a cumulative group capex of INR 7 lakh crore by 2032, demonstrating a strong financial commitment and delivering long-term visibility for the stakeholders."
NTPC,Q1FY26,2025-08-25,12,25%,"Looking ahead, NTPC targets meeting at least 25% of its coal requirement through captive mining by FY30, further enhancing fuel security and supply reliability."
NTPC,Q1FY26,2025-08-25,14,27 gigawatt; 62 gigawatt,"CMD: So, I did mention to you that we will be having 26 to 27 gigawatt addition to around 62 gigawatt, whatever it is commissioned."
NTPC,Q1FY26,2025-08-25,14,7.2 gigawatt,"Girish: Sir, 7.2 gigawatt is what you expect to order on Thermal this financial year?"
NTPC,Q1FY26,2025-08-25,15,11 crore; 12 crore,Girish: And we should expect about INR 11 crore to INR 12 crore per megawatt?
NTPC,Q1FY26,2025-08-25,15,60 gigawatt,"So, on the renewable side, in the overall 60 gigawatt plan that we have, what is the progress in terms of signing up of new PPAs or MOUs, if you can give us a split of that?"
NTPC,Q1FY26,2025-08-25,15,60 gigawatt,But we are on track to achieve that 60 gigawatt by 2030.
NTPC,Q1FY26,2025-08-25,15,30 gigawatt; 20 gigawatt,"Director (Finance): Out of this, the initial phase 30 gigawatt if you talk about that, over the next 3 years, current year plus next two years would be roughly around 20 gigawatt and the balance would be in the next 2 years."
NTPC,Q1FY26,2025-08-25,15,8196 megawatt; 80%; 100%; 82%,"Next year 8196 megawatt is there, close to 80% PPA is tied up and 100% again land and 82% connectivity is available."
NTPC,Q1FY26,2025-08-25,18,2000 megawatt,"So, with the land we had procured way back, around 12 years back, for the imported coal-based plant for 2000 megawatt, okay?"
NTPC,Q1FY26,2025-08-25,18,4000 megawatt,"If you would have gone with the 4000 megawatt, imported coal-based plant, we would have been some serious concerns on that."
NTPC,Q1FY26,2025-08-25,20,"85,000 crore","So put together, it will be around INR 80 to 85,000 crore of the total investment in that."
NTPC,Q1FY26,2025-08-25,21,15 crore; 20 crore,"So, there are some estimates as of now that it will be somewhere between INR 15 crore to INR 20 crore per megawatt."
NTPC,Q1FY26,2025-08-25,24,25%,And you also have a target of 25% from your mines of coal.
NTPC,Q3FY25,2025-01-30,5,"31,133 crore; 21,642 crore; 16,305 crore; 11,963 crore","CAPEX  In 9M FY25, we have incurred a group CAPEX of ₹31,133 crore as compared to ₹21,642 crore in the corresponding previous period, while on a standalone basis NTPC has incurred CAPEX of ₹16,305 crore as compared to ₹11,963 crore in the corresponding previous period."
NTPC,Q3FY25,2025-01-30,5,8 GW; 1 Lakh crore,"Capacity Expansion  As part of our overall capacity expansion plans, Investment approval has been accorded for 8 GW thermal capacity during the current fiscal at an aggregate appraised current estimated cost of around Rs.1 Lakh crore."
NTPC,Q3FY25,2025-01-30,5,17.56 GW, Total thermal capacity under construction now stands at 17.56 GW.
NTPC,Q3FY25,2025-01-30,5,2.2 GW; 10.3 GW; 30 GW,"In addition, hydro and RE capacity under construction is 2.2 GW and 10.3 GW respectively taking total capacity under construction for NTPC Group to over 30 GW."
NTPC,Q3FY25,2025-01-30,5,7.2 GW; 60 GW," We are actively considering awarding additional thermal capacity to the tune of 7.2 GW by the financial year 2026-27 and with an ambitious target of 60 GW of renewable energy by 2032, NTPC is poised for significant growth in the coming years."
NTPC,Q3FY25,2025-01-30,6,16.48 GW; 52 GW,We have commissioned 16.48 GW and work in FGD packages for a cumulative capacity of 52 GW is under progress.
NTPC,Q3FY25,2025-01-30,6,2320 MW,RVUNL has 2320 MW plant at Chhabra and we have mutually agreed to form a 50:50 JV Company which will own and operate the said power plant and also explore opportunities for its capacity expansion.
NTPC,Q3FY25,2025-01-30,7,"7,261 crore; 2,779 crore"," In 9M FY25, NGEL on consolidated basis has incurred CAPEX of ₹7,261 crore as compared to ₹2,779 crore in the corresponding previous period."
NTPC,Q3FY25,2025-01-30,7,25 GW, To take its growth journey forward NGEL has incorporated several joint ventures during the fiscal: 1) NTPC Rajasthan Green Energy Limited (74:26 JV with Rajasthan Rajya Vidyut Utpadan Nigam Limited) aims to develop renewable energy parks and green hydrogen projects in Rajasthan with up to 25 GW capacity.
NTPC,Q3FY25,2025-01-30,8,1.7 MW,"Green Hydrogen Initiatives  NTPC commissioned the Green Hydrogen Mobility Project at Leh comprising 1.7 MW solar plant, Green hydrogen filling station of capacity 80 kg/day and 5 hydrogen intra-city buses."
NTPC,Q3FY25,2025-01-30,9,"3,088 megawatt","And for entire financial year, we expect to touch around 3,088 megawatt."
NTPC,Q3FY25,2025-01-30,10,7.2 gigawatt,"Subhadip Mitra: In terms of awarding, you did mention that the new thermal awards are expected to be about 7.2 gigawatt by FY27."
NTPC,Q3FY25,2025-01-30,11,"2,178 megawatt","NTPC Limited January 25, 2025 Page 10 of 16 Management: See, as far as the COD guidance is concerned for FY25, on a standalone basis, we expect 2,178 megawatt coming from two thermal projects and renewable projects."
NTPC,Q3FY25,2025-01-30,11,"2780 megawatt; 250 MW; 3,946 MW","So, if you want the overall breakup, the thermal total will be 2780 megawatt, hydro will be 250 MW, and renewable will be 3,946 MW."
NTPC,Q3FY25,2025-01-30,11,"3,100 megawatt","Gaurav: Sir, you did mention that we are targeting close to 3,100 megawatt for the year, in NTPC Green, in terms of addition."
NTPC,Q3FY25,2025-01-30,11,"3,000 megawatt","And put together, we are expecting something in the upper side of the 3,000 megawatt for the group as a whole."
NTPC,Q3FY25,2025-01-30,12,202 megawatt,and standalone it will be 202 megawatt of renewables.
NTPC,Q3FY25,2025-01-30,12,"9,244 megawatt","And if you split it between JV subsidiary and standalone, JV subsidiary will be 9,244 megawatt, while standalone is 660."
NTPC,Q3FY25,2025-01-30,12,"24,651 megawatt; 5,700 MW; 1,444 MW; 17,507 MW","So, on a whole, for the 3 years, FY25, FY26, and FY27, we have a figure of 24,651 megawatt of overall capacity addition in the 3 years, where thermal will constitute 5,700 MW, hydro will be 1,444 MW, and renewable total would be 17,507 MW."
NTPC,Q3FY25,2025-01-30,12,7.2 gigawatt,You talked about the pipeline of 7.2 gigawatt to be ordered out.
NTPC,Q3FY25,2025-01-30,13,5 gigawatt,"Management: See, as far as evidently, FY25 is there, and FY26, what we have targeted of 5 gigawatt."
NTPC,Q3FY25,2025-01-30,13,7.2 gigawatt,"Firstly, if you could clarify the 7.2 gigawatt of thermal capacity that is to be tendered out by FY27, that will be predominantly on brownfield mode or greenfield also?"
NTPC,Q3FY25,2025-01-30,14,"4,360 megawatt","Now, if you look at the upcoming COD status for these additional FGDs, 4,360 megawatt we are expecting during the balance part of the current year."
NTPC,Q3FY25,2025-01-30,14,300 crore,"While we have seen very good progress in this quarter, what will drive further progress, as you indicated, that by the end of the year you plan to get it down to Rs.250 to Rs.300 crore?"
NTPC,Q3FY25,2025-01-30,15,3 gigawatt; 5 gigawatt; 8 gigawatt,"So, anything that happens, it will be over and above our capacity addition target of 3 gigawatt, 5 gigawatt, and 8 gigawatt for the next three years?"
NTPC,Q3FY25,2025-01-30,16,3 gigawatt,"NTPC Limited January 25, 2025 Page 15 of 16 Management: For the current financial year, since it's only two months down, So I would give you a figure as a guidance that you take a figure of 3 gigawatt rather than asking for a split up in very specific terms."
NTPC,Q3FY25,2025-01-30,16,"2,320 megawatt","Management: See, there is a thermal plant of 2,320 megawatt operational, and there is always hope for expansion depending on the availability of land and several other inputs."
NTPC,Q3FY25,2025-01-30,16,5 gigawatt; 8 gigawatt; 8 gigawatt; 7 gigawatt; 8 gigawatt,"Management: I would put it this way that, there is a planned capacity addition that we have given you guidance in terms of 5 gigawatt, 8 gigawatt, and an average of 8 gigawatt, 7 gigawatt to 8 gigawatt."
NTPC,Q3FY25,2025-01-30,16,60 gigawatt,"So, I won't be able to say in concrete terms in terms of the timelines for this, but definitely all this would become very handy for our targeted capacity of 60 gigawatt by 2032."
NTPC,Q3FY25,2025-01-30,16,3 gigawatt; 5 gigawatt; 8 gigawatt,"Sumit Kishore: Okay, just to understand this, the 3 gigawatt, 5 gigawatt, 8 gigawatt guidance for NGEL is at a consolidated level, including all JVs and potential inorganic growth that you might do will also go towards meeting this target?"
NTPC,Q2FY25,2024-11-01,5,"17,474 crore; 13,204 crore","In H1 FY 25, we have incurred a group capex of INR 17,474 crores as compared to INR 13,204 crores in the corresponding previous period."
NTPC,Q2FY25,2024-11-01,5,"14,040 crore; 7,959 crore","While on a stand-alone basis, NTPC has incurred a capex of INR 14,040 crores as compared to INR 7,959 crores in the corresponding previous period."
NTPC,Q2FY25,2024-11-01,5,"4,013 MW","We have already commissioned 4,013 MW of RE projects."
NTPC,Q2FY25,2024-11-01,6,800 MW; 800 MW,"As a part of our overall energy security plans, Investment approval has been accorded for Sipat Super Thermal Power Project, Stage-III (1x 800 MW) and Darlipali Super Thermal Power Project Stage-II (1x800 MW)."
NTPC,Q2FY25,2024-11-01,6,11.16 GW,This is in addition to 11.16 GW thermal capacity already under construction.
NTPC,Q2FY25,2024-11-01,6,"14,600 MW; 49 GW","We have commissioned 14,600 MW and work in FGD package for the cumulative capacity of 49 GW is under progress."
NTPC,Q2FY25,2024-11-01,8,5.19%; 6.12%; 1%,"But going ahead, -- overall planned outages last year was 5.19%, whereas it is on a higher percent, it is 6.12%, almost 1% higher planned outages was there."
NTPC,Q2FY25,2024-11-01,10,2.7 GW,"Management: For this year, it will be 2.7 GW thermal."
NTPC,Q2FY25,2024-11-01,10,2.7 GW,"For the next financial, it will be -- for this year, it will be 2.7 GW, which consists of Barh, North Karanpura, one unit of Patratu and one our Khurja unit number one."
NTPC,Q2FY25,2024-11-01,10,800 MW; 660 MW; 1.46 GW,"Management: For the next year, it is 800 MW Patratu and THDC Khurja 660 MW, so 1.46 GW next -- for next financial year."
NTPC,Q2FY25,2024-11-01,10,"8.8 GW; 2,400 MW; 2,400 MW; 1,600 MW; 2,400 MW","Management: Our next pipeline is around 8.8 GW consisting of Nabinagar Stage-II, 2,400 MW; Telangana Stage-II, 2,400 MW, Gadarwara Stage-II, 1,600 MW; Meja Stage-II, 2,400 MW, of which Meja II and Nabinagar II almost PPA consent is there."
NTPC,Q2FY25,2024-11-01,10,100%,"Management: See, as far as the capacity expansion in renewable is concerned, this will be done majorly through the NGEL, the 100% subsidiary."
NTPC,Q2FY25,2024-11-01,10,3 GW,"The current year, the capacity addition expected is 3 GW."
NTPC,Q2FY25,2024-11-01,10,19.4 GW,"So, by FY27 operational capacity will be 19.4 GW."
NTPC,Q2FY25,2024-11-01,11,25 GW,"So, we will have with this a clear pipeline of 25 GW of RE project comprising of solar, wind."
NTPC,Q2FY25,2024-11-01,11,12 crore,"Recently, some of the project awards we've seen on thermal, the capex figure has gone beyond INR 12 crores per MW."
NTPC,Q2FY25,2024-11-01,12,60 GW,"Management: Our capacity plan of 60 GW, total capacity plan up to FY32."
NTPC,Q2FY25,2024-11-01,12,1.2 GW,1.2 GW will be coming from Khavda in this.
NTPC,Q2FY25,2024-11-01,13,3 GW; 5 GW; 8 GW,"So I mean, this will be fructifying, 3 GW will fructify during the current year, 5 GW during the next year and 8 GW the next year."
NTPC,Q2FY25,2024-11-01,13,"27,982 crore","Management: On a consolidated basis group, the target will be INR 27,982 crores."
NTPC,Q2FY25,2024-11-01,13,13600 MW,"So that makes it a total of 13600 MW, 6400 of which will be from the NTPC and 7200 will be through JV/subsidiary."
NTPC,Q2FY25,2024-11-01,14,75 GW,"Management:: We don't anticipate such because given the overall demand-supply scenarios and also the projection that those are available both in terms of your overall requirement of energy and also the peaking demand, which is expected to grow by 75 GW over the next 7-8 years."
NTPC,Q2FY25,2024-11-01,14,60 GW,"Harshil Shethia: The 60 GW target by FY32 is for the renewable energy capacity, correct?"
NTPC,Q2FY25,2024-11-01,14,60 GW,So all this will be comprised under the 60 GW.
NTPC,Q2FY25,2024-11-01,15,8 GW,"So expected is around 8 GW PSP, we'll be able to get at NGEL."
NTPC,Q2FY25,2024-11-01,16,90 MW,"Out of that, the breakup is, 90 MW will be renewables."
TATAPOWER,Q1FY27,2026-07-31,4,"10,000 crore","And this will continue because we have a huge pipeline of investment, which is there in Mumbai transmission, nearly INR 10,000 crores of investment will happen in the next 5 years."
TATAPOWER,Q1FY27,2026-07-31,5,100%; 60%; 70%,"In fact, last year, we grew by 100%, and this year also, we have plans to grow by about 60% to 70%."
TATAPOWER,Q1FY27,2026-07-31,6,"1,000 megawatt","For the first time, our module plant we crossed 1,000 megawatt in the first quarter, and we expect that we have virtually peaked over there or peaking over there in terms of our module production, our cell production is still catching up."
TATAPOWER,Q1FY27,2026-07-31,6,100%,"All of the procurers are taking full capacity from the plant, and they are 100% convinced that this is the most sustainable plant in the long run in terms of its tariffs and in terms of merit order."
TATAPOWER,Q1FY27,2026-07-31,7,"1,125 megawatt","We expect to start work on the 1,125 megawatt Dorjilung project where World Bank is financing, and we are in the process of completing the financial closure in the next 2 months' time with PFC, IFC and some of the other lenders."
TATAPOWER,Q1FY27,2026-07-31,7,"25,000 crore","And we expect that the INR 25,000 crores that we have lined up for this year, we'll be able to implement."
TATAPOWER,Q1FY27,2026-07-31,7,"50%; 25,000 crore","50% of that INR 25,000 crores will be for renewable projects where we have clear line of sight, the balance is divided between our FGD projects as well as the transmission and distribution projects, which are also in pipeline."
TATAPOWER,Q1FY27,2026-07-31,9,6%,"Purely from a reported PAT perspective, we grew by about 6%, more or less what we are also planning in quarter 1."
TATAPOWER,Q1FY27,2026-07-31,10,226 megawatt; 500 megawatt,"As we speak, while in the first quarter, we have commissioned 226 megawatts, but we already have a line of sight for 500 megawatts where the project is almost ready."
TATAPOWER,Q1FY27,2026-07-31,12,"2,800 megawatt","Would be great if you can share our plans for further capacity addition beyond this 2,800 megawatts."
TATAPOWER,Q1FY27,2026-07-31,14,5%,"But yes, up to 5% over the next 9 months, you can expect."
TATAPOWER,Q1FY27,2026-07-31,14,40%; 45%,Sanjeev Churiwala: Almost 40% to 45% will be going in renewables and the remaining in other businesses.
TATAPOWER,Q1FY27,2026-07-31,14,"6,000 crore","But yes, you can assume in our quarter 2 also, we're kind of looking at a capex plan of probably higher than INR 6,000 crores."
TATAPOWER,Q1FY27,2026-07-31,14,"6,500 crore","Maybe if everything goes well, it will be closer to INR 6,500 crores."
TATAPOWER,Q1FY27,2026-07-31,14,800 megawatt; 900 megawatt,"Almost half of that will go in the renewable business because as we mentioned, we're trying to commission almost 800 megawatts to 900 megawatts in quarter 2."
TATAPOWER,Q1FY27,2026-07-31,15,"30,000 crore","And I believe you in annual reports have been talking about INR 30,000 crores of rooftop revenue for you by 2030."
TATAPOWER,Q1FY27,2026-07-31,15,40 gigawatt; 30 gigawatt,"Sinha, if you look at quadrupling compared to more than quadrupling, so basically, what you're suggesting is by 2029, 2030, keeping battery aside, I know battery is also going to be some component, but we're looking at 40 gigawatt -- 30 gigawatt, 40"
TATAPOWER,Q1FY27,2026-07-31,16,12%; 13%; 25%,"Praveer Sinha: I will also increase my market share from 12%, 13%, I will become 25%."
TATAPOWER,Q1FY27,2026-07-31,17,5.5 gigawatt,We already have 5.5 gigawatts in pipeline plus some of the solutioning along with PSP that is required.
TATAPOWER,Q4FY26,2026-05-15,3,270 gigawatt,"We do expect that in next 1 to 2 months, this will cross about 270 gigawatts."
TATAPOWER,Q4FY26,2026-05-15,4,857 crore,"We have seen during the year, the plant has delivered a PAT of INR857 crores, which is more than double of the previous year."
TATAPOWER,Q4FY26,2026-05-15,4,5 gigawatt,"And we do expect that the nearly 5 gigawatt of projects which are under implementation, and these are all in-house projects."
TATAPOWER,Q4FY26,2026-05-15,4,50%; 50%,50% of it will be completed in this financial year and the balance 50% in FY '28.
TATAPOWER,Q4FY26,2026-05-15,5,10 gigawatt,"We have informed you that we are going to start work in our new 10 gigawatt of wafer and ingot plant in 2 phases, and that will cater to our existing operations of cell and module plant, which will require Indian made wafers from 1st June 2028 onwards."
TATAPOWER,Q4FY26,2026-05-15,6,"25,000 crore; 22,000 crore","The Tata Power Company Limited May 12, 2026 Page 5 of 19 Praveer Sinha: Yes, Sumit, so I agree that our guidance was, I don't think INR25,000 crores, but it was, I think, about INR22,000 crores."
TATAPOWER,Q4FY26,2026-05-15,6,"25,000 crore","Sumit Kishore: No, sir, I was referring to the slide in your Bhubaneswar presentation, which shows INR25,000 crores of capex."
TATAPOWER,Q4FY26,2026-05-15,7,5 gigawatt,"And as you can see, we have about 5 gigawatts of pipeline as we speak."
TATAPOWER,Q4FY26,2026-05-15,7,2 gigawatt,"Sumit Kishore: So if you deliver, for instance, 2 gigawatt of solar project, then the requirement of module cell will be 2 into 1.4, the multiplying factor."
TATAPOWER,Q4FY26,2026-05-15,8,2 gigawatt,"But I think you kind of alluded to the 2 gigawatt of commissioning next year, which is kind of a ballpark number that we're also looking at."
TATAPOWER,Q4FY26,2026-05-15,10,5%,And we expect that prices will be within plus/minus 5% in that range.
TATAPOWER,Q4FY26,2026-05-15,12,20%,"And our target is that in next 3 years, we will do 20%."
TATAPOWER,Q4FY26,2026-05-15,12,100%; 50%; 60%,"So, I do expect that in FY '27, the rooftop market, the rooftop business will grow, if not by 100%, at least by 50%, 60%."
TATAPOWER,Q4FY26,2026-05-15,14,2.5 gigawatt; 1.7 gigawatt,"So, in terms of commissioning, I think you mentioned we'll be adding 2.5 gigawatts this year and 2.5 similar number next year and further like 1.5 to 1.7 gigawatt is solar."
TATAPOWER,Q4FY26,2026-05-15,15,1.7 gigawatt,"But is it fair to say that a large part of maybe like 1.6, 1.7 gigawatt will be FDRE in this commissioning?"
TATAPOWER,Q4FY26,2026-05-15,15,220 megawatt,These are small modular 2 x 220 megawatt plants.
TATAPOWER,Q4FY26,2026-05-15,16,16.7 gigawatt; 10 gigawatt,"On your Slide 7, the current operational capacity is 16.7 gigawatts and including pipeline is 26.3, which means an addition of 10 gigawatts."
TATAPOWER,Q4FY26,2026-05-15,17,"25,000 crore; 2 gigawatt; 12,000 crore; 15,000 crore","Rajesh Majumdar: And sir, your capex figure of INR25,000 crores, if you take an addition of 2 gigawatts per annum, then the capex is roughly about, say, on the higher side, maybe INR12,000 crores to INR15,000 crores."
TATAPOWER,Q4FY26,2026-05-15,17,"10,000 crore","Does this mean that INR10,000 crores of regulated capex will happen in FY27?"
TATAPOWER,Q4FY26,2026-05-15,17,"25,000 crore","But then you have capex coming up in pumped storages, capex coming up in pure hydro, so a combination of all of this -- transmission as well, so I think a combination of all of this, next year is INR25,000 crores, our sense is probably going forward also, we'll have a similar kind of capital outlay."
TATAPOWER,Q4FY26,2026-05-15,18,"1,200 megawatt","But if I see your FY32 slides, where we have highlighted the time line of the FDRE and hybrid wind getting commissioned, the contracted capacity comes only to the tune of 1,200 megawatt."
TATAPOWER,Q4FY26,2026-05-15,19,12%; 13%,"And based on that, we do expect that all of them will come in 12% to 13% range in the next 4 to 5 years."
TATAPOWER,Q4FY26,2026-05-15,19,2%,"So, you can expect that you will reduce about 2% every year in that sort of reduction will be a ballpark number."
TATAPOWER,Q4FY26,2026-05-15,20,"1,000 crore","Praveer Sinha: Mumbai transmission adds every year INR1,000 crores of capex."
TATAPOWER,Q3FY26,2026-02-09,3,280 gigawatt,"We do expect that our peak demand will be in the 270-280 gigawatt range, and we can expect a very large increase in the demand of power in the coming months."
TATAPOWER,Q3FY26,2026-02-09,5,2.5 gigawatt,"I think the target we have set for ourselves was 2-2.5 gigawatt, if I remember correctly."
TATAPOWER,Q3FY26,2026-02-09,5,2.6 gigawatt,"Praveer Sinha: So, our target this year was that we will set up 2.6 gigawatt which included third party and ourselves."
TATAPOWER,Q3FY26,2026-02-09,5,500 megawatt,"We have another 400 to 500 megawatt of project which we are pursuing which we expect to complete in this quarter and then we have projects which will come up in 2027, wherein most of the projects will be our own because all our so- called third party projects have got over including the SJVN, MSEDCL, NHPC."
TATAPOWER,Q3FY26,2026-02-09,10,198 megawatt,"Praveer Sinha: I think some of the Tata Steel projects, we already commissioned 198 megawatt wind project."
TATAPOWER,Q3FY26,2026-02-09,10,100%,"But next year, the so-called 2.5, we will do 100% for ourselves."
TATAPOWER,Q3FY26,2026-02-09,11,50%; 60%,"And I think the capacity adds that you are seeing last year, at least 50% to 60% more will happen in this year and we will continue to see the increase going forward."
TATAPOWER,Q3FY26,2026-02-09,12,2.5 gigawatt,"So, 2.5 gigawatt in FY'27 is the target, right, sir?"
TATAPOWER,Q3FY26,2026-02-09,12,1 gigawatt,I know you're looking at 1 gigawatt broadly commissioning this year.
TATAPOWER,Q3FY26,2026-02-09,12,1 gigawatt; 2 gigawatt,"And that 1 gigawatt that you're looking at now is despite third-party execution, the initial expectation was 1.5 to 2 gigawatt."
TATAPOWER,Q3FY26,2026-02-09,13,2.2 gigawatt,"Praveer Sinha: If you look at Tata Power this year, we have already commissioned 2.2 gigawatt of projects."
TATAPOWER,Q3FY26,2026-02-09,13,500 megawatt,And that means that we have inherent capacity to execute such large capacity and we will add another 500 megawatt in this quarter.
TATAPOWER,Q3FY26,2026-02-09,13,2.7 gigawatt,"So, 2.7 gigawatts we will be doing in this financial year."
TATAPOWER,Q3FY26,2026-02-09,13,5.5 gigawatt,"As you are aware, we have a pipeline of nearly 5.5 gigawatts of projects, which we need to execute."
TATAPOWER,Q3FY26,2026-02-09,14,5 gigawatt,"Currently, we have, I think, more than 5 gigawatts under construction."
TATAPOWER,Q3FY26,2026-02-09,14,2.5 gigawatt; 2.5 gigawatt,"And if I heard you correctly, sir, for excluding third party, next year you are targeting 2.5 gigawatt and FY'28 another 2.5 gigawatt."
TATAPOWER,Q3FY26,2026-02-09,15,5%; 6%,"Sanjeev Churiwala: I think on the EPC side, we kind of target PAT margin of close to 5% to 6% every quarter."
TATAPOWER,Q3FY26,2026-02-09,15,"15,000 crore; 20,000 crore; 25,000 crore","So, we are on a very comfortable journey, given that we will be spending close to 15,000 crores-20,000 crores-25,000 crores of CAPEX every year."
TATAPOWER,Q3FY26,2026-02-09,16,2.5 gigawatt,"And within that, so 2.5 gigawatt of renewables expected to get commissioned next year, how much would solar be out of that?"
TATAPOWER,Q2FY26,2025-11-16,4,279 crore,"Similarly, our half yearly PAT for the Odisha Discom is Rs.279 crores and we do expect that this will be the template going forward because most of the initial issues have been sorted out."
TATAPOWER,Q2FY26,2025-11-16,4,240 crore; 262%; 340 crore,"• Similarly, our solar cell and module manufacturing plant has done exceedingly well, has stabilized production, the cost of production has reduced, we have been able to optimize lot of costs including the input material cost and that is why our PAT has gone to Rs.240 crores, which is a 262% increase from the previous year and our H1 PAT is Rs.340 crores and you can again see this happening in future quarters also."
TATAPOWER,Q2FY26,2025-11-16,4,"1,000 crore","We also saw for the first time the rooftop sales crossing Rs.1,000 crores in a quarter and I think going forward you will see many of these type of new benchmarks that will be set in the rooftop business."
TATAPOWER,Q2FY26,2025-11-16,4,"4,000 crore","• We have also for the first time in the quarter crossed an EBITDA of Rs.4,000 crores and again this is in back of excellent performance from all our businesses in spite of the fact that we had loss in Mundra because the plant was not operating."
TATAPOWER,Q2FY26,2025-11-16,4,600 megawatt,"In fact, we have huge target to add capacity in renewable projects, especially for our own utility projects in 3th and 4th Quarter and we are expecting about 700-megawatt capacity add in the 3rd Quarter and 600 megawatts in the 4th Quarter."
TATAPOWER,Q2FY26,2025-11-16,4,60%; 40%,It will be on similar terms as was done for the 600 Khorlochhu project where 60% stake will be from the Bhutan government-owned DGPC and we will have 40% stake and that will continue.
TATAPOWER,Q2FY26,2025-11-16,5,4 gigawatt,And we do expect that many of these initiatives will start showing the type of results that we had presented to you in the last analyst meet that we had in our 4 gigawatt manufacturing plant in Tirunelveli.
TATAPOWER,Q2FY26,2025-11-16,5,"7,349 crore; 25,000 crore","We invested nearly Rs.7,349 crores in this year and as we have mentioned to you we plan to spend Rs.25,000 crores in this financial year."
TATAPOWER,Q2FY26,2025-11-16,7,"40%; 830 crore; 13,000 crore; 40%; 1,600 crore","Since you asked about the investment, in both the projects, the earlier Khorlochhu one, we have a 40% partnership over there our equity contribution would be about Rs.830 crores, and in the second one, which is Rs.13,000 crores CAPEX plan, we also have a 40% equity over there and our investment there would be about close to Rs.1,500-1,600 crores."
TATAPOWER,Q2FY26,2025-11-16,7,"2,400 crore","Both these projects put together, our total equity from Tata Power side will be about Rs.2,400 crores."
TATAPOWER,Q2FY26,2025-11-16,8,"7,300 crore; 25,000 crore","Praveer Sinha: We have incurred about Rs.7,300 crores and our plan is Rs.25,000 crores."
TATAPOWER,Q2FY26,2025-11-16,9,26%,"And on the cell and module plant numbers that you have shown, the EBITDA margin seems to be better this time around, around 26% or so, is this sustainable and what was the mix of module cell sale to third-party and in-house use this time around?"
TATAPOWER,Q2FY26,2025-11-16,9,"10,000 crore; 7,300 crore","Sir, in first half, your consol net debt has gone up by almost Rs.10,000 crores versus the CAPEX of Rs.7,300 crores."
TATAPOWER,Q2FY26,2025-11-16,12,2.6 gigawatt,We had some time back given a 2.6 gigawatt of addition target for ‘26 and about 2.3 for ‘27.
TATAPOWER,Q2FY26,2025-11-16,12,1.3 gigawatt,"We expect that in Q3 and Q4, we will do about 1.3 gigawatt."
TATAPOWER,Q2FY26,2025-11-16,12,1.3 gigawatt; 2 gigawatt; 1.5 gigawatt,"Bharanidhar Vijayakumar: So, what I am hearing is 2.6-gigawatt target in ‘26, now, we will mostly read as 1.3 gigawatt plus 2 gigawatt already comes in around 1.5 gigawatt."
TATAPOWER,Q2FY26,2025-11-16,13,2 gigawatt; 60 gigawatt,"Today, we have virtually very small capacity, just 2 gigawatts in the country, and the country will require about 50 to 60 gigawatts of wafer and ingot manufacturing capability in the next two, three years."
TATAPOWER,Q2FY26,2025-11-16,14,200 megawatt; 1%,"Just overall when we look at the industry, it seems like there is a spurt in commissioning maybe 27–28-gigawatt commissioning in the first seven months and 200 megawatt seems like less than 1% share."
TATAPOWER,Q2FY26,2025-11-16,15,5 crore,"Only 20 lakh rooftops have been installed till September, and my expectation is that in this country at least 5 crores homes will have a rooftop and so there is a long way that we have to go to cater to the country’s requirements."
TATAPOWER,Q2FY26,2025-11-16,15,"17,500 crore","Anuj Upadhyay: And can you split across the balance CAPEX, the Rs.17,500 crores across various segments?"
TATAPOWER,Q2FY26,2025-11-16,15,"7,500 crore","You mentioned that roughly, the renewable capacity would have at least close to Rs.7,500 crores of CAPEX."
TATAPOWER,Q2FY26,2025-11-16,17,5.8 gigawatt,"And then in terms of our pipeline, again, one slide has almost like 5.8 gigawatts of project, which includes FDRE, solar, wind, hybrid combined as a pipeline."
TATAPOWER,Q2FY26,2025-11-16,17,2.5 gigawatt,"Management: I mean, we kind of plan on a runway to do about 2 to 2.5 gigawatt every year."
TATAPOWER,Q2FY26,2025-11-16,18,5 gigawatt,"And, sir, second related question, as you mentioned, close to 4 to 5 gigawatt we are planning to do over the next two years."
TATAPOWER,Q1FY26,2025-08-06,4,652 megawatt,We have commissioned this quarter a record 652 megawatt which is nearly double of the quantity that was commissioned in last year's same quarter and out of which 560 is for third party and 92 is for our own utility scale.
TATAPOWER,Q1FY26,2025-08-06,4,"1,600 megawatt","We expect nearly 1,600 megawatt of own utility scale projects to come up in the next three quarters and that will help us in enhancing the operating capacity of the renewable business."
TATAPOWER,Q1FY26,2025-08-06,5,"3,700 crore","3,700 crores against our full year plan of Rs."
TATAPOWER,Q1FY26,2025-08-06,6,10%,"We do expect that in the next 3 years, we will bring down to about 10% range and the type of reductions that we have seen in last 4 years, this trend will continue and that will help us in getting better returns."
TATAPOWER,Q1FY26,2025-08-06,6,100%,"We do expect that this will consistently become 100% as we see in Delhi and Mumbai, where we have our distribution setup."
TATAPOWER,Q1FY26,2025-08-06,9,650 megawatt,"So, we need to look from that perspective that what is our pipeline and our readiness to commission this and we have been able to successfully implement nearly 650 megawatt in this quarter and have plans to substantially increase in the coming quarter."
TATAPOWER,Q1FY26,2025-08-06,10,"2,800 megawatt; 1,000 megawatt; 1,800 megawatt","We also have a pipeline of 2,800 megawatts of pumped hydro project and 1,000 megawatt already work has started, 1,800 megawatt work will start in 9 months and then we have the hydro plants in Bhutan where already work has"
TATAPOWER,Q1FY26,2025-08-06,11,600 megawatt; 5 gigawatt,"The Tata Power Company Limited August 1, 2025 Page 10 of 19 started on the 600 megawatt and we have plans to increase it to nearly 5 gigawatts in next few years."
TATAPOWER,Q1FY26,2025-08-06,11,13%; 14%,"While we see even in the previous quarter where our cell plant is more partially operational, we did close to around 13%-14% kind of a margin and considering the fact that the DCR supply has been quite constrained off late, the people who have access to it are meeting a very high margin by selling it to the third party."
TATAPOWER,Q1FY26,2025-08-06,12,100 megawatt,"So, you have mentioned that I think only 100 megawatts of solar capacity has been commissioned this quarter, right?"
TATAPOWER,Q1FY26,2025-08-06,12,"1,600 megawatt","Mahesh Patil: And you mentioned that over the next three quarters around 1,600 megawatts additional capacity will be commissioned."
TATAPOWER,Q1FY26,2025-08-06,12,1.7 gigawatt,"So, around 1.7 gigawatts target for FY'26, correct?"
TATAPOWER,Q1FY26,2025-08-06,12,2 gigawatt,"And we can assume this would be the 100 going forward, let us say around 2 gigawatt of commissioning?"
TATAPOWER,Q1FY26,2025-08-06,12,2 gigawatt,This year itself we will be doing more than 2 gigawatt of commissioning.
TATAPOWER,Q1FY26,2025-08-06,12,1.7 gigawatt,"So, 1.7 gigawatt and next year onwards 2 plus gigawatt."
TATAPOWER,Q1FY26,2025-08-06,13,80%; 100%,"And we expect that on an overall year basis, we will have 80% availability on which we get 100% capacity charge."
TATAPOWER,Q1FY26,2025-08-06,14,80%; 100%,"Based on what we operated in first quarter and what is our plan to operate in the rest of the year once the SPPA is finalized, we will be doing 80% on which we get 100% fixed cost."
TATAPOWER,Q1FY26,2025-08-06,15,5.4 gigawatt,Praveer Sinha: We have a pipeline of 5.4 gigawatt of our own projects in which we are the developers.
TATAPOWER,Q1FY26,2025-08-06,17,1 crore; 25 crore,"Sushil Choksey: So, your own statement is that demand is not a problem keeping in mind 1 crore or 25 crore house which you expect all of us to assume based on demand."
TATAPOWER,Q1FY26,2025-08-06,17,4 gigawatt,But what is your predictability in terms of 4 gigawatt of your capacity on Mono PERC going to rise if I take a 3 or 5 outlook and also on TOPCon once your current plant whenever it starts and stabilizes?
TATAPOWER,Q4FY25,2025-05-16,3,5%,And we expect that this year also the growth will be in the range of about 5%.
TATAPOWER,Q4FY25,2025-05-16,3,2%; 270 gigawatt,"Though in the month of April we have only seen 2% growth, we do expect that this year the peak demand will increase to something like 270 gigawatts."
TATAPOWER,Q4FY25,2025-05-16,4,166 gigawatt,We also in the quarter commissioned 166 gigawatts of capacity.
TATAPOWER,Q4FY25,2025-05-16,4,5.5 gigawatt,"We also have a very good pipeline of our renewables business where nearly 5.5 gigawatts of capacity will get added in the next six months to 24 months, where land for most of the projects have been acquired as also the connectivity."
TATAPOWER,Q4FY25,2025-05-16,4,"70%; 1,000 megawatt; 1,800 megawatt","And we do hope that our target to have nearly 70% clean and green energy by 2030 will be possible, not only with the renewables projects that we are setting up, but also the pumped hydro project where the work has already started in the 1,000 megawatts Bhivpuri project and work in 1,800 megawatts Shirawata pumped hydro will start in the later part of the year."
TATAPOWER,Q4FY25,2025-05-16,4,600 megawatt,"Our project in Bhutan, the 600 megawatts Khorlochhu project, the work has already started from 1 January, and we expect that by November ‘29, the project will be completed."
TATAPOWER,Q4FY25,2025-05-16,5,90%,"Coming to our manufacturing of solar cell and module: The plant is now fully operational at Tirunelveli, and they are operating at more than 90% each."
TATAPOWER,Q4FY25,2025-05-16,5,"3,700 megawatt","With both the cell and module line fully operational, we do expect that in the coming year we will cross the 3,700 megawatts of production of both cells and modules."
TATAPOWER,Q4FY25,2025-05-16,5,"4,100 crore","4,100 crores in the last quarter, and in the whole year we had a CAPEX of Rs."
TATAPOWER,Q4FY25,2025-05-16,7,2.5 gigawatt,So the transmission evacuation issues are largely sorted to commission 2.5 gigawatts plus of renewable in FY '26 like you targeted?
TATAPOWER,Q4FY25,2025-05-16,7,2.5 gigawatt; 2.7 gigawatt,This year we will commission nearly 2.5 gigawatts to 2.7 gigawatts of renewable projects.
TATAPOWER,Q4FY25,2025-05-16,7,650 megawatt; 3.700 megawatt,You will only see improvement of it because in Q4 we produced 650 megawatts while in FY '26 we are expecting more than 3.700 megawatts.
TATAPOWER,Q4FY25,2025-05-16,8,1 gigawatt,"And again, nearly 1 gigawatt will be required over there."
TATAPOWER,Q4FY25,2025-05-16,8,1 gigawatt,"Sanjeev Churiwala: I think next year for sure we may have about the delivery of 1 gigawatt or around so, to be done for the third-party EPC."
TATAPOWER,Q4FY25,2025-05-16,9,30%,"Given that we are also growing our transmission and distribution, CAPEX of about 30% odd will go there and the remaining are there."
TATAPOWER,Q4FY25,2025-05-16,13,"1,000 megawatt","The second question is, is there any update on the financial closure of the Pumped Storage Power Plant which you are building up the facility with 1,000 megawatts?"
TATAPOWER,Q4FY25,2025-05-16,16,3.3%; 5%; 5%,"You see, for the last full year, when the margin was 3.3%, I very clearly remember we said that we are targeting 5%, and this year we are delivering 5%."
TATAPOWER,Q3FY25,2025-02-07,3,270 gigawatt,"Considering that, we do expect that there will be a peak demand of nearly 265 to 270 gigawatt."
TATAPOWER,Q3FY25,2025-02-07,4,2 gigawatt,"And our cell plant which was commissioned in the month of November, the first 2 gigawatt is now more or less stabilized."
TATAPOWER,Q3FY25,2025-02-07,4,2 gigawatt,The second 2 gigawatt also has been commissioned in January and is under stabilization process.
TATAPOWER,Q3FY25,2025-02-07,4,"12,000 crore","During the last 9 months, we have spent capex of nearly INR12,000 crores, which was the total capex that we spent in the previous financial year."
TATAPOWER,Q3FY25,2025-02-07,4,"10,000 crore","And we have plans to spend another INR10,000 crores in this quarter."
TATAPOWER,Q3FY25,2025-02-07,4,"22,000 crore","So we'll have end of the year total capex of nearly INR22,000 crores."
TATAPOWER,Q3FY25,2025-02-07,5,70%,"As we move forward, we are committed to our overall goal that we will achieve 70% of clean energy by 2030."
TATAPOWER,Q3FY25,2025-02-07,5,43%,"We are already at 43% and the various projects which are under implementation, we should be in a position to meet those targets."
TATAPOWER,Q3FY25,2025-02-07,6,5%; 7%,"The best way to look is at the year to date number, which reflects the right position, and they're kind of in the range of 5% to 7% on EPC margin, which has always been our guidance."
TATAPOWER,Q3FY25,2025-02-07,9,2 gigawatt,"Praveer Sinha: As I mentioned to you, the 2 gigawatt cell line was commissioned in the month of November, that has got stabilized."
TATAPOWER,Q3FY25,2025-02-07,9,2 gigawatt,The second 2 gigawatts got commissioned in January.
TATAPOWER,Q3FY25,2025-02-07,9,95%; 98%,So that's the existing plan and the full benefit of operating it at more than 95% to 98% capacity will happen in the next financial year.
TATAPOWER,Q3FY25,2025-02-07,9,1.6 gigawatt,There's another 1.6 gigawatts that we will be ordering.
TATAPOWER,Q3FY25,2025-02-07,10,1.3 gigawatt,"I mean you're probably going to do what is the plan for Q4, but it looks like you might just see about 1.2 to 1.3 gigawatts, any thoughts how to think about what's driving the slowness currently?"
TATAPOWER,Q3FY25,2025-02-07,10,2.5 gigawatt,"And as Sanjeev mentioned, in FY '25 -- '26 and '27, about 2 to 2.5 gigawatt of renewable projects, which will be a mix of solar and wind that we will implement."
TATAPOWER,Q3FY25,2025-02-07,13,2 gigawatt,"We already also have now large in-house order book, where we have plans of adding more than 2 gigawatt per year."
TATAPOWER,Q3FY25,2025-02-07,13,25%; 4.2 gigawatt; 5.2 gigawatt,"In spite of 25% of facility additions from 4.2 gigawatt to 5.2 gigawatt of commissioning, profitability growth hasn't been much."
TATAPOWER,Q3FY25,2025-02-07,14,70%; 90%,The efficiency of these plants has gone from 70% to 90%.
TATAPOWER,Q3FY25,2025-02-07,15,250 crore,"So we had a target of hitting a INR250 crores kind of PAT level in the discom, except for CESU, all the other -- I mean South and West are particularly lagging."
TATAPOWER,Q3FY25,2025-02-07,16,"20,000 crore","The capex breakup of you say is roughly INR20,000 crores per annum that you've outlined?"
TATAPOWER,Q3FY25,2025-02-07,16,1.3 gigawatt,Rajesh Majumdar: So that means 1.3 gigawatt SJV and FDRE is going to get commissioned in FY '26.
TATAPOWER,Q2FY25,2024-11-05,3,4.3 gigawatt,"Some of the important things that have happened in this quarter, one is that our 4.3 gigawatt manufacturing plant for cell and module are operating."
TATAPOWER,Q2FY25,2024-11-05,3,4.3 gigawatt,Our module plant is operating at full capacity at 4.3 gigawatt.
TATAPOWER,Q2FY25,2024-11-05,3,2 gigawatt,"Our cell plant, the first 2 gigawatt of cell has already started production and is now getting stabilized and will be fully stabilized by end of November."
TATAPOWER,Q2FY25,2024-11-05,3,2 gigawatt,The second 2 gigawatt also is going to get commissioned in November and hopefully by end December they should be stabilized and producing at full capacity.
TATAPOWER,Q2FY25,2024-11-05,4,600 megawatt,"Similarly, the 600 megawatt of Bhutan project which we have signed the shareholder agreement and we will be starting work from January of 2025."
TATAPOWER,Q2FY25,2024-11-05,4,1800 megawatt,"We are also working on our 1800 megawatt pumped hydro project at Shirawta and hopefully by mid of next year, the work should start once all the necessary approvals are in place."
TATAPOWER,Q2FY25,2024-11-05,5,100%,"I do believe that the way the company is today structured and focused on various businesses including new businesses like EV and rooftop and the businesses in our renewable space and clean energy space, we will be able to give unique solutions to customers of providing them 100% renewable power and the company has developed many solutions for that."
TATAPOWER,Q2FY25,2024-11-05,6,5 gigawatt,All the so called nearly 5 gigawatt of under construction projects will get completed by FY26.
TATAPOWER,Q2FY25,2024-11-05,6,2 gigawatt,Sumit Kishore: So you had mentioned 2 gigawatt to be commissioned in FY25 on the previous call.
TATAPOWER,Q2FY25,2024-11-05,6,2.5 gigawatt,Praveer Sinha: We had said that our yearly run rate will be about 2 to 2.5 gigawatt and that's what we are working on.
TATAPOWER,Q2FY25,2024-11-05,8,95%; 97%,"There is one more pump that has to be repaired, which has already been repaired and so we do expect that Mundra in November-December should do about 95% to 97% of ability."
TATAPOWER,Q2FY25,2024-11-05,8,5Cr,"Satyadeep Jain: Second question is on the Bhivpuri PSP, it is largely a Brownfield, so we thought the CAPEX would be relatively lower at somewhere between 4.5 to 5Cr."
TATAPOWER,Q2FY25,2024-11-05,9,1800 megawatt,"Satyadeep Jain: Given the 44-month timeline, it's safe to assume that this project will commission sometime in FY29 and maybe the other projects, we cannot use this cost as a benchmark for the remaining 1800 megawatt cost."
TATAPOWER,Q2FY25,2024-11-05,11,"21,668 megawatt","So in terms of the project that we have, slide 9, where we have talked about total pipeline and further 21,668 megawatt that we have."
TATAPOWER,Q2FY25,2024-11-05,13,10%; 12%,"So ballpark, would you target around 10% to 12% of margin?"
TATAPOWER,Q2FY25,2024-11-05,13,437 crore,437 crores which I assume is for Mundra plant.
TATAPOWER,Q2FY25,2024-11-05,14,25%; 30%,"And hence right now we are not looking at an export, but yes when we fully ramp up, we can assume that 25% to 30% will be exported and rest will be used internally."
TATAPOWER,Q2FY25,2024-11-05,14,25%; 30%,"Praveer Sinha: No, we said 25%-30% will be exported and the rest will be used internally for our own asset under construction."
JSWENERGY,Q1FY27,2026-07-27,3,150 MW; 22 Crore,"The 150 MW was driven by the early commissioning of Tidong Hydro, originally scheduled for October 2026, which contributed an incremental ₹20-22 Crore to EBITDA in Q1 itself and will allow us to capture the ongoing hydrology season."
JSWENERGY,Q1FY27,2026-07-27,3,"3 GW; 20,000 crore; 36%; 87%","We remain firmly on track to deliver our FY27 annual target of 3 GW capacity addition and ₹20,000 crore capex — having already achieved close to 36% of the FY27 capacity guidance, and surpassed about 87% of the total capacity added in all of FY26."
JSWENERGY,Q1FY27,2026-07-27,3,"12,880 crore; 20,000 crore","Together, this gives us an ample liquidity cushion of about ₹12,880 crore in cash balances, comfortably funding the equity portion of our estimated ₹20,000 crore FY27 capex and 2030 growth plans, with headroom for further growth."
JSWENERGY,Q1FY27,2026-07-27,4,270 GW; 300 GW,"On July 16th, we saw another peak of 270 GW, and demand is expected to touch 300 GW in the near term."
JSWENERGY,Q1FY27,2026-07-27,4,8%,"India's growing global economic stature — contributing approximately 8% of world GDP on a PPP-adjusted basis — coupled with its continued high GDP growth outlook, should support sustained power demand growth."
JSWENERGY,Q1FY27,2026-07-27,5,300 MW,"JSW Energy Limited July 22, 2026 Page 4 of 16 Accordingly, we signed a definitive agreement to acquire Maruti Clean Coal & Power Limited, which operates a 300 MW thermal plant in Chhattisgarh."
JSWENERGY,Q1FY27,2026-07-27,5,195 MW,"The plant has a long-term PPA of 195 MW (net) with Rajasthan discoms, with a residual PPA life of 14 years."
JSWENERGY,Q1FY27,2026-07-27,5,5%; 64 MW,"In addition, the plant provides 5% power at variable cost to the Chhattisgarh discom, while the balance ~64 MW capacity is sold in the merchant market."
JSWENERGY,Q1FY27,2026-07-27,5,100%,"Further, on our organic thermal growth — please refer to slide 22 — our first Salboni plant has received all key clearances, 100% of land has been acquired, equipment orders are placed, and site work is now in full swing."
JSWENERGY,Q1FY27,2026-07-27,5,10.7%; 2.4%,"On the thermal side, we increased our stake in Toshiba JSW Power Systems JV to 10.7% from 2.4% earlier – this is aimed at de-risking our equipment supply chain and building thermal capacity at one of the lowest capital costs in the industry."
JSWENERGY,Q1FY27,2026-07-27,5,600 MW,"On the wind side, we commissioned our wind blade manufacturing facility at Halol, Gujarat on June 8th — with an annual capacity of 450 blades, sufficient to support approximately 600 MW of wind installations per annum, strengthening backward integration in the segment and supporting a lower LCOE."
JSWENERGY,Q1FY27,2026-07-27,5,5 GW; 440 crore,"On the 5 GWh battery plant which we have commissioned in Q4FY26, we have received our first large external order of about ₹ 440 crore."
JSWENERGY,Q1FY27,2026-07-27,5,5%; 12.9 billion units,"Now, coming to operational performance for the quarter, net generation for Q1 FY27 declined marginally by 5% year-on-year to 12.9 billion units, primarily driven by lower generation at Mahanadi and our Hydro plants."
JSWENERGY,Q1FY27,2026-07-27,5,100%,"However, with the onset of monsoons, water flow has normalized, and generation in July till date has been excellent, with our Karcham, Baspa, and Kutehr plants operating at over 100%"
JSWENERGY,Q1FY27,2026-07-27,6,533 crore,"Coming to the bottom line, Profit After Tax stood at ₹533 crore, declining year-on-year on account of the higher capitalisation impact as new assets are commissioned."
JSWENERGY,Q1FY27,2026-07-27,7,50%,"In other plants, we don't need, but we are building the capability to even operate at maybe below 50% also, which we have already done in our Ratnagiri and Vijayanagar plants."
JSWENERGY,Q1FY27,2026-07-27,7,600 MW,My second question on the thermal space is you have introduced 600 MW Mahanadi under under construction projects now.
JSWENERGY,Q1FY27,2026-07-27,8,600 MW,"And given you are looking to commission 600 MW Mahanadi by FY28, how is that going to pan out in terms of equipment sourcing?"
JSWENERGY,Q1FY27,2026-07-27,8,3.6 GW,"For another 2 units, we are in discussions, and we will be making the announcement at the right time very soon that what is our strategy for fifth and sixth unit to make it from 1.8 to 3.6 GW."
JSWENERGY,Q1FY27,2026-07-27,8,1.6 GW,"But with some de-bottlenecking and some minor investment, what we have already planned, this will go to 2 x 800, means 1.6 GW capacity because the TJPS, Toshiba JSW plant in Chennai is already having a capacity of 2 x 800."
JSWENERGY,Q1FY27,2026-07-27,8,800 MW,"But we are totally de-risked in terms of the supply chain of boiler, turbine, generators for all our 800 MW expansion plants."
JSWENERGY,Q1FY27,2026-07-27,9,600 MW,"But to remember, even if it is merchant, with next to the mine and the coal cost being so low, the cost at which we will be completing this project, another 600 MW, will be significantly lower than the benchmark per MW cost of capacity addition, I think this will remain attractive in both the ways, whether it is merchant or whether it is in long-term PPA."
JSWENERGY,Q1FY27,2026-07-27,10,1.1 GW,"As I said, till date, in the current year since April 1, we have commissioned 1.1 GW of fresh capacity."
JSWENERGY,Q1FY27,2026-07-27,10,1.9 GW; 28%; 1.9 GW; 530 MW; 1.9 GW,"Now, balance 1.9 GW, which we have to commission in this year, I just want to tell you that out of this 28% of the capacity of 1.9 GW, what we are doing, maybe more than 530 MW of balance 1.9 GW, which we have to execute, is our group captive, which is a mix of off grid also."
JSWENERGY,Q1FY27,2026-07-27,10,"1,900 MW; 3 GW; 100%","But whatever 1,900 MW we have to commission to reach the 3 GW guidance we have given, we are absolutely 100% secured from connectivity and which is all commissioned also."
JSWENERGY,Q1FY27,2026-07-27,12,600 MW,"Can you maybe indicate what kind of capex we can look at for the 600 MW and the remaining capacity Sharad Mahendra: See, I can tell you at what we execute the greenfield project we are doing at Salboni also, for which we have placed the order."
JSWENERGY,Q1FY27,2026-07-27,12,"25%; 30%; 1,800 MW; 3,600 MW","As compared to that, Mahanadi, when we will be completing, I can say definitely that we will be at least 25% to 30% lower while doubling the capacity from 1,800 MW to 3,600 MW."
JSWENERGY,Q1FY27,2026-07-27,14,80%,"So there also, it was again a plant shutdown to ensure the annual availability we have to ensure we achieve of 80% so that's my fixed cost."
JSWENERGY,Q1FY27,2026-07-27,16,"20,000 crore","And if we look at it, you talked about ₹ 20,000 crores capex for the year."
JSWENERGY,Q1FY27,2026-07-27,16,3 GW,"Rajesh Majumdar: And next year also, we plan to add about 3 GW or similar?"
JSWENERGY,Q1FY27,2026-07-27,17,85%,"Sharad Mahendra: If you look at Mahanadi, the plant availability entitlement is considered over the entire year and is around 85%."
JSWENERGY,Q4FY26,2026-05-18,3,256 GW; 270 GW; 250 GW,"Peak demand, on 25th April’26, reached 256 GW, and with the summer of 2026 now commenced and expected to be severe, the system is positioning to handle a new peak of approximately 270 GW - higher than the 250 GW record seen in May 2024."
JSWENERGY,Q4FY26,2026-05-18,3,240 MW; 305 MW; 451 MW; 240 MW,"The additions span organic commissioning across wind (240 MW), solar (305 MW), hybrid (451 MW) and hydro (240 MW) assets, and the full integration of all the inorganic acquisitions completed in FY25 and FY26."
JSWENERGY,Q4FY26,2026-05-18,4,1.2 GW,"On the organic front, we commissioned 1.2 GW of new capacity during FY2026."
JSWENERGY,Q4FY26,2026-05-18,4,240 MW,"Notably, the 240 MW Kutehr hydroelectric project was commissioned in Q2 FY2026 in one of the fastest timelines for a project of its scale, further cementing our position as the largest private IPP in the hydro sector."
JSWENERGY,Q4FY26,2026-05-18,4,150 MW,"We also acquired the 150 MW Tidong hydropower plant from Statkraft, which is at an advanced stage of completion."
JSWENERGY,Q4FY26,2026-05-18,4,50MW,50MW of this has already been commissioned on 8th May 2026 and balance two units are expected to be commissioned before June’26.
JSWENERGY,Q4FY26,2026-05-18,4,"3 GW; 20,000 Crore","This Fiscal year, we are looking to add about 3 GW capacity and a capex spent of around Rs 20,000 Crores for the year."
JSWENERGY,Q4FY26,2026-05-18,4,600 MW,"On our thermal optionality at KSK, we expect the first 600 MW to be commissioned by mid of next fiscal year."
JSWENERGY,Q4FY26,2026-05-18,4,4.6 GW,Beyond this we have a robust project pipeline of approximately 4.6 GW where Letters of Intent have been secured.
JSWENERGY,Q4FY26,2026-05-18,4,32.1 GW; 30 GW,"Our total locked- in capacity now stands at 32.1 GW, placing us firmly on track to deliver the 30 GW target of generation by 2030, under Strategy 3.0."
JSWENERGY,Q4FY26,2026-05-18,4,5 GW,"Further, our 5 GWh battery assembly facility in Pune was commissioned in Q4 FY26, and the commercial sales of the battery storage have already commenced."
JSWENERGY,Q4FY26,2026-05-18,5,43%,"Thermal generation grew 43% YoY to 8.8 BUs, driven primarily by robust off take at our Mahanadi and Utkal plants."
JSWENERGY,Q4FY26,2026-05-18,5,93%,Our KSK plant’s PLF for Q4FY26 remained robust at 93%.
JSWENERGY,Q4FY26,2026-05-18,5,"3,300 Crore","3,300 Crore in FY26, also driven by fuel cost reduction through optimum sourcing of coal from nearby mines resulting in lower logistics cost, just like we did for our Utkal plant as well."
JSWENERGY,Q4FY26,2026-05-18,5,75%,"Further, at Utkal, both of our Units are fully operational, and the plant registered a PLF of 75% in Q4 FY26."
JSWENERGY,Q4FY26,2026-05-18,5,79%,"Driven by full tie-up that we had done earlier, our Vijayanagar plant’s PLF also stood robust at 79% in Q4."
JSWENERGY,Q4FY26,2026-05-18,5,5%; 400 MW; 115 MW,"With open capacity now at about 5% of our installed base - and a 25-year, 400 MW PPA for the Utkal plant at ₹5.78 per unit, and another 2-year 115 MW PPA with Assam discom, with effect from 1st April 2026, the quality of our underlying EBITDA has improved substantially."
JSWENERGY,Q4FY26,2026-05-18,5,270 GW; 5%; 6%; 30 GW; 40 GW,India's power demand recovery - with the government projecting peak demand of 270 GW this summer and medium-term CAGR of 5% to 6% - provides a strong tailwind for our growing portfolio and remain fully on track towards our FY2030 targets of 30 GW of generation capacity and 40 GWh of energy storage.
JSWENERGY,Q4FY26,2026-05-18,6,8.36%,"On the cost of capital: consistent with our earlier guidance, our weighted average cost of debt declined by approximately 67 basis points year-on-year - to 8.36% as of March 2026."
JSWENERGY,Q4FY26,2026-05-18,7,3 GW,"Sharad Mahendra: You see, as I have said, that approximately close to about 3 GW of capacity additions will happen in FY27, which will be a mix of solar, wind and hybrid projects."
JSWENERGY,Q4FY26,2026-05-18,7,3 GW; 35%; 40%,"But maybe you can say in terms of, if I have to give a percentage, maybe out of 3 GW, close to about 35%-40% will be wind, rest all is solar."
JSWENERGY,Q4FY26,2026-05-18,7,3 GW,"My first question is, on the 3 GW that you're looking to commission in renewable in FY27, what would be the broad phase of commissioning of these capacities from Q1 to Q4, if you could give us some sense?"
JSWENERGY,Q4FY26,2026-05-18,7,"20,000 crore","So, when you said about ₹200 billion of Capex, I mean, the free cashflow that you are generating right now or basically your EBITDA less your Net Interest Cost and the tax adjustment, that seems to be enough to take care of the equity requirement for ₹20,000 crores of Capex."
JSWENERGY,Q4FY26,2026-05-18,8,"20,000 crore; 20,000 crore","Now, with the existing ₹20,000 crores, the cashflows which we generate and with the kind of Net Debt/EBITDA, I think within those ratios, we will be able to easily manage these ₹20,000 crores which we talked about."
JSWENERGY,Q4FY26,2026-05-18,8,"20,000 crore","So, just one last question, trying to understand the broad breakup of this ₹20,000 crore Capex because there is some allocation that should start happening to the Salboni project, something to the Battery Energy Storage System project that you are commissioning, the Pump Storage Hydro."
JSWENERGY,Q4FY26,2026-05-18,8,"20,000 crore; 5,000 crore","But if you want the breakup, it can be like ₹20,000 crores we have said, you can say ₹4,000-₹5,000 crores will be for these projects, which are the thermal project and the pump storage and rest all will be in the wind and solar space, and battery energy."
JSWENERGY,Q4FY26,2026-05-18,8,3 GW,"Because you are going to commission 3 GW, what percentage of the investment has already happened, just to understand?"
JSWENERGY,Q4FY26,2026-05-18,9,3 GW,"So, we don't see any challenges and with large significant portion of our capacity at advanced stage of commissioning, we are confident at this time that definitely 3 GW of capacity addition will happen without any challenge."
JSWENERGY,Q4FY26,2026-05-18,10,5 GW,"Sir, just sort of delving deeper into this 5 GWh BESS cell-to-pack assembly plant that we have operationalized."
JSWENERGY,Q4FY26,2026-05-18,10,30 GW; 3 GW,"Sharad Mahendra: See, as we have said that we have to reach 30 GW by FY30 and if we add maybe 3 GW this year."
JSWENERGY,Q4FY26,2026-05-18,11,6 GW,"And for a commission wind and solar portfolio, which is almost 6 GW, what would be the annual steady state EBITDA?"
JSWENERGY,Q4FY26,2026-05-18,11,"2,650 crore","One is that in FY25 March when we acquired, the full year EBITDA that plant made from the operations was around 2,650 crores."
JSWENERGY,Q4FY26,2026-05-18,12,"2,700 crore","Sharad Mahendra: And with the steps we are taking, we are confident that we will be delivering better than the steady state EBITDA what Bikash just said of 2,700 crores, we can say that."
JSWENERGY,Q4FY26,2026-05-18,13,1.5%; 2%,"Sharad Mahendra: See, with this new DSM regulations we expect a total impact which we have budgeted in our plan is between 1.5% – 2%."
JSWENERGY,Q4FY26,2026-05-18,14,23%; 24%,"So, I think going forward, that will be this one, I think we will be inching close to the effective tax rate of 23%- to 24% going forward."
JSWENERGY,Q4FY26,2026-05-18,15,3 GW,The first question is on the RE commissioning you talked about 3 GW this year.
JSWENERGY,Q4FY26,2026-05-18,15,3 GW,"So, connectivity is available for whatever we are 3 GW we are planning, whether it is STU or CTU."
JSWENERGY,Q4FY26,2026-05-18,15,50%,"And as I said that this time, as compared to the previous year, in H1, we will be seeing almost close to 50% of the capacity coming up, which means that the project is at an advanced stage, connectivity is available."
JSWENERGY,Q4FY26,2026-05-18,17,3 GW,"So, we are certain that the current 3 GW in the current year, we are absolutely certain that this will be there."
JSWENERGY,Q3FY26,2026-01-28,4,18.7 GW; 29.6 GW; 30 GW; 40 GW,"We have already locked in about 18.7 GW of incremental capacity in generation and 29.6 GW hour in storage, which will take our installed capacity beyond our stated target of 30 GW in generation while we are confident of achieving our 40 GW hour in storage by 2030."
JSWENERGY,Q3FY26,2026-01-28,4,8%; 5%; 400 MW,"Currently, our open capacity stands at approximately 8%, which will further reduce to around 5% from April 1, 2026, following the securing of a 400 MW 25-year PPA for our Utkal plant with Karnataka discoms."
JSWENERGY,Q3FY26,2026-01-28,5,55%,"Thermal generation increased by 55% year on year, primarily driven by contributions from KSK and capacity additions at our Utkal plant."
JSWENERGY,Q3FY26,2026-01-28,5,30 GW; 5.7 GW,"As we scale beyond 30 GW, this is expected to further increase to approximately 5.7 GW."
JSWENERGY,Q3FY26,2026-01-28,6,"1,600 MW","The project benefits from its strategic proximity to coal blocks, as well as synergies with the existing 1,600 MW unit under construction, driving significant operational efficiencies."
JSWENERGY,Q3FY26,2026-01-28,6,10.7 GW; 32.1 GW,"With this, our secured thermal capacity stands at 10.7 GW and locked-in capacity at 32.1 GW, providing ample visibility to our ambitious 2030 target."
JSWENERGY,Q3FY26,2026-01-28,8,"16,000 crore; 800 MW","And also in terms of the capex - we will be announcing, but yes, you can benchmark - whatever we have said in the domain is that the Phase 1 about ₹16,000 crores of investment for 2 *800 MW which we have announced earlier, so we'll be around that number only."
JSWENERGY,Q3FY26,2026-01-28,8,1.5 GW,"My second question is on -- you had targeted in the second half of the year to commission about 1.5 GW, if I recollect."
JSWENERGY,Q3FY26,2026-01-28,8,1.5 GW; 125 MW,"See, Sumit, one is that, as we have said earlier, you rightly said that 1.5 GW of fresh capacity addition during H2 of current fiscal, out of which 125 MW we have commissioned during quarter 3."
JSWENERGY,Q3FY26,2026-01-28,8,1.5 GW,"And in the current quarter, the capacity additions, which are going to take place, we will be meeting the guidance what we have given for 1.5 GW in second half of current fiscal."
JSWENERGY,Q3FY26,2026-01-28,9,30 GW,"Sharad Mahendra: See, yes, FY '27 and FY '28, more or less whatever plans we have to reach our 30 GW by 2030, we are on track."
JSWENERGY,Q3FY26,2026-01-28,9,3.2 GW,"But for the boiler for 3.2 GW, what is the plan?"
JSWENERGY,Q3FY26,2026-01-28,10,30 GW,"And some we are expecting shortly to get signed and others, we are waiting, but keeping in mind that our contracted capacity and the PPA signed capacity, the gap is such that we are absolutely certain, the 30 GW number what we are telling by 2030, that is on track."
JSWENERGY,Q3FY26,2026-01-28,10,27.5 GW,"Bikash Chowdhury: So Mohit, just to add on what sir mentioned - with our current operational capacity and the projects under construction, we are already at 27.5 GW."
JSWENERGY,Q3FY26,2026-01-28,10,4.5 GW,"In addition, we have a pipeline of 4.5 GW, and the details of that pipeline are already available."
JSWENERGY,Q3FY26,2026-01-28,10,30 GW,And we are more than certain that we'll reach 30 GW by 2030.
JSWENERGY,Q3FY26,2026-01-28,10,3 GW,"But do you foresee a reduction in the total bidding space, particularly in the renewable space next year in terms of the overall market size, in which case, keeping our market share around the same, the level of additions will be limited to about 2.5 to 3 GWs per annum barring the locked in capacity."
JSWENERGY,Q3FY26,2026-01-28,11,4 GW,"Rajesh Majumdar: But even with that, you are saying you will be -- your assumptions assume around 4 GW additions per annum."
JSWENERGY,Q3FY26,2026-01-28,15,1.8 GW,"So this will be completing additional capacity of 1.8 GW at KSK will be coming at a much lower specific cost, capex as compared to a greenfield and tariffs, as you rightly said, what are prevailing in the market."
JSWENERGY,Q3FY26,2026-01-28,15,1.8 GW,We have started capex on the additional 1.8 GW at KSK?
JSWENERGY,Q3FY26,2026-01-28,15,97 GW,"See, the Government of India has announced 97 GW of capacity addition, fresh capacity commissioning by 2034 -- '32 to '34 period."
JSWENERGY,Q3FY26,2026-01-28,16,13%; 14%; 15%,"So is that a target in your calculation at all to get the reported ROEs to a 13%, 14%, 15% kind of number or you are okay to continue at a very suppressed PBT level?"
JSWENERGY,Q2FY26,2025-10-22,3,48 GW; 33 GW; 16 GW,"Over the past 12 months, 48 GW has been added, with 33 GW and 16 GW commissioned in H1 and Q2 respectively."
JSWENERGY,Q2FY26,2025-10-22,3,15 GW; 35 GW,Considering the biddings of 15 GW of projects awarded in FY25 and approximately 35 GW of capacity under-construction; all these capacities should be commissioned in next 5-7 years.
JSWENERGY,Q2FY26,2025-10-22,4,400 MW; 700 MW; 8%; 5%,"Recently we have received an LOA of 400 MW for our 700 MW UTKAL plant, which is currently an open capacity – once this LOA is converted to PPA, it will further enhance our cashflow predictability, and take our open capacity from currently at 8% to 5%."
JSWENERGY,Q2FY26,2025-10-22,4,788 MW; 1.1 GW,"Even on our current untied capacity, our domestic coal merchant exposure is 788 MW out of total merchant exposure of approximate 1.1 GW; this ensures feasibility of the plant to generate attractive dark spreads even at lower merchant prices."
JSWENERGY,Q2FY26,2025-10-22,5,240 MW; 148 MW; 56 MW,"Among these additions, I am proud to highlight the commissioning of our green-field Kutehr 240 MW hydro generation project, wind 148 MW and solar 56 MW."
JSWENERGY,Q2FY26,2025-10-22,5,5 MW; 20 MW,Earlier we had commissioned 5 MW agrivoltaics in Vijayanagar and now we commissioned our first 20 MW floating solar project again at Vijayanagar—this showcases our ability to deliver long term sustainable and innovative energy solutions.
JSWENERGY,Q2FY26,2025-10-22,5,240 MW,"Further, our 240 MW Kutehr Hydro Power Plant, is one of the fastest greenfield hydro projects to be completed in India."
JSWENERGY,Q2FY26,2025-10-22,5,58%,"The timing of the commissioning allowed us to capitalize on the high-generation season in Q2, resulting in an impressive 58% PLF for the operational days of the quarter."
JSWENERGY,Q2FY26,2025-10-22,5,16%; 13%,"In our hydro portfolio, Karcham-Wangtoo and BASPA plants exceeded design energy generation by 16% in Q2 and 13% in H1 FY26."
JSWENERGY,Q2FY26,2025-10-22,6,"1,30,000 crore; 30 GW; 40 GW","JSW Energy Limited October 17, 2025 Page 5 of 18 We had earlier guided for a capital expenditure of ₹1,30,000 crore by 2030 to achieve a capacity of 30 GW and 40 GWh of energy storage."
JSWENERGY,Q2FY26,2025-10-22,6,"1,800 MW; 1,800 MW","This entity currently supplies raw water to our 1,800 MW KSK Mahanadi Thermal Power Plant and is equipped to support an additional 1,800 MW, ensuring readiness for our future expansion."
JSWENERGY,Q2FY26,2025-10-22,6,5 GW,"Battery Assembly Plant in Pune: As previously communicated, we are in the process of establishing a battery assembly plant in Pune with a rated capacity of 5 GWh per annum."
JSWENERGY,Q2FY26,2025-10-22,6,"150 MW; 1,728 crore","As part of our continued strategic growth, I’m pleased to share that we have signed a definitive agreement to acquire the 150 MW Tidong Hydro Power Plant from Statkraft at an enterprise valuation of ₹1,728 crore."
JSWENERGY,Q2FY26,2025-10-22,6,75 MW,"Expected to be commissioned by October 2026, the plant has a 22- year Power Purchase Agreement (PPA) with Uttar Pradesh Power Corporation for 75 MW, while the remaining capacity offers attractive potential in the merchant power market."
JSWENERGY,Q2FY26,2025-10-22,7,2.3 GW; 15 GW,"With 2.3 GW of capacity already added in H1 FY26, we are well-positioned to achieve our generation capacity target in excess of 15 GW by the end of fiscal year."
JSWENERGY,Q2FY26,2025-10-22,10,30 MW; 40 MW; 50 MW,"So, conceptually, the way to understand this is that if suppose I am building a 100-MW plant, right, and only 30 MW or 40 MW or 50 MW is commissioned, the evacuation of that power is allowed under TGNA, right?"
JSWENERGY,Q2FY26,2025-10-22,10,4 GW,And you had talked about a 3 to 4 GW addition target on an organic basis in FY26.
JSWENERGY,Q2FY26,2025-10-22,10,3.4 GW; 2.3 GW,"You have also shown photographs in your presentation of 3.4 GW solar, 2.3 GW wind, which is under construction at various sites."
JSWENERGY,Q2FY26,2025-10-22,10,15 GW,"And now in the second half of the year, the projects, what the capacity which I have indicated also that in excess of 15 GW we will be closing the year."
JSWENERGY,Q2FY26,2025-10-22,11,10 GW; 50 GW,"So, do you think that this is the new normal like 5, 10 GW more in the second half, or can we still achieve the ambitious target of 40, 50 GWs RE bidding on an annual basis?"
JSWENERGY,Q2FY26,2025-10-22,14,"1,800 MW","Amit Bhinde: Sir, I wanted to understand whether we will be aiming to start the remaining 1,800 MWs of KSK Mahanadi by 2031."
JSWENERGY,Q2FY26,2025-10-22,14,"1,800 MW; 1,800 MW; 40%","Sharad Mahendra: See, yes, we have been maintaining that this is an 1,800 MW operational plant and 1,800 MWs of which the balance of plant is fully ready and maybe the 4th unit 40% of the work is complete and also 5th and 6th units, minor work has already been completed."
JSWENERGY,Q2FY26,2025-10-22,18,2.6 GW,"So, out of the 2.6 GW that is still pending for PPAs, can we expect over the next 6 months that is by the end of this year, we will be able to sign those PPAs?"
JSWENERGY,Q1FY26,2025-08-06,3,1.3 GW,"The addition of 1.3 GW of organic wind capacity in the second half of FY 2025, coupled with the strategic acquisitions of O2 Power and the Mahanadi thermal plant, has begun contributing meaningfully to our earnings."
JSWENERGY,Q1FY26,2025-08-06,4,50%; 243 GW,"India reaches 50% clean energy capacity, achieving its Paris Agreement NDC target five years ahead of schedule with a Non fossil fuel capacity of 243 GW."
JSWENERGY,Q1FY26,2025-08-06,5,76%,"Our thermal portfolio continued to perform well, achieving a healthy Plant Load Factor of 76% during the quarter."
JSWENERGY,Q1FY26,2025-08-06,5,"1.8 GW; 4.7 GW; 14,000 crore","As of now, O2 Power has an installed capacity of 1.8 GW, which is expected to scale up to 4.7 GW by June 2027 through a planned capital expenditure of ₹13,000 to ₹14,000 crore."
JSWENERGY,Q1FY26,2025-08-06,5,2.7 billion units; 20%,"The Mahanadi Thermal Plant, acquired in March 2025, operated for the full quarter and generated 2.7 billion units, accounting for 20% of the company’s total generation."
JSWENERGY,Q1FY26,2025-08-06,5,867 crore; 28%,"The plant delivered a robust EBITDA of ₹867 crore, contributing 28% to the total consolidated EBITDA, underscoring the strategic value of the acquisition."
JSWENERGY,Q1FY26,2025-08-06,5,92%; 1.4 billion units,"As part of this transition, we have successfully tied up our imported coal-based Vijayanagar plant with JSW Steel, resulting in a 92% year-on-year increase in generation to 1.4 billion units."
JSWENERGY,Q1FY26,2025-08-06,5,700 MW; 88 MW,The remaining untied capacity comprises Utkal 700 MW and KSK 88 MW—both domestic coal-based plants located in coal-rich regions.
JSWENERGY,Q1FY26,2025-08-06,6,20 MW,"I also want to highlight that we are currently constructing a 20 MW floating solar plant at Vijayanagar, marking our first venture into floating solar technology."
JSWENERGY,Q1FY26,2025-08-06,6,5 GW,"We are currently establishing a battery assembly plant in Pune with a rated capacity of 5 GWh per annum, dedicated to supporting Battery Energy Storage Systems."
JSWENERGY,Q1FY26,2025-08-06,6,165 crore,We envisage initial capital outlay of ₹ 165 crore for the project.
JSWENERGY,Q1FY26,2025-08-06,7,1.9 GW; 4 GW,"With 1.9 GW of capacity already added in Q1 FY26, we are well-positioned to achieve our target of 3 to 4 GW of capacity addition during the current fiscal year."
JSWENERGY,Q1FY26,2025-08-06,9,"2,400 crore","In the first quarter, the actual capex spend in cash terms is about ₹2,400 crores for the quarter."
JSWENERGY,Q1FY26,2025-08-06,9,"15,000 crore; 18,000 crore","If you recall, we have guided for a full year capex of ₹15,000 crores to ₹18,000 crores."
JSWENERGY,Q1FY26,2025-08-06,9,1.34 gigawatt; 4 gigawatt,"Similarly, as Sharad also reiterated in his opening remarks, over and above O2's opening capacity of 1.34 gigawatt, last quarter in the earnings call, we had guided for a 3 to 4 gigawatt incremental capacity addition during the course of this year."
JSWENERGY,Q1FY26,2025-08-06,9,1.6 gigawatt,"So basically, can you give us an update on progress regarding execution plan for 1.6 gigawatt Salboni?"
JSWENERGY,Q1FY26,2025-08-06,9,29 gigawatt,"And what has actually been deployed or planned to be deployed for 29 gigawatt hour of storage capacity, which is tied up separately across PSH and BESS?"
JSWENERGY,Q1FY26,2025-08-06,9,1.6 gigawatt,"See, Salboni 1.6 gigawatt, we have already signed the PPA and within the guideline, the land is fully now in place that challenge, which is normally a challenge in a greenfield plant is fully taken care of."
JSWENERGY,Q1FY26,2025-08-06,10,"1,600 megawatt","Sir, beyond Salboni, 1,600 megawatts, could you throw some color on your thermal expansion plans, specifically where you might have land already available or where you have some visibility on fuel supply or some kind of visibility on PPA?"
JSWENERGY,Q1FY26,2025-08-06,10,1.8 gigawatt,"Atul, as you may recall that after our acquisition of this KSK Mahanadi, which is a 1.8 gigawatt operational plant with the potential further expansion for which balance of plant for balance 1.8 additional is fully ready."
JSWENERGY,Q1FY26,2025-08-06,10,600 megawatt; 40%; 45%,"We are right now exploring for the fourth unit, we are in discussion for the commissioning of fourth unit of 600 megawatt, work for which is almost 40% to 45% work is already completed."
JSWENERGY,Q1FY26,2025-08-06,10,600 megawatt,And then we will be looking for balance other 2 units also once we finalize in terms of the project start for this fourth unit of 600 megawatts.
JSWENERGY,Q1FY26,2025-08-06,12,3.3 megawatt,"The new wind capacities we have commissioned are of 2.7 and 3.3 megawatt machines, which we commissioned in the second half of last fiscal, which have seen the current year, full year season they are seeing."
JSWENERGY,Q1FY26,2025-08-06,13,"60,000 crore; 15,000 crore","The net debt is ₹60,000 crores around at the end of 1Q, and we are talking about ₹15,000 crore capex for the year."
JSWENERGY,Q1FY26,2025-08-06,14,30 gigawatt,"Sharad Mahendra: And also, as we have announced, if you remember, 30 gigawatt by 2030 in our Strategy 3.0, and we have been maintaining for quite some time that 2/3 of green and 1/3 thermal."
JSWENERGY,Q1FY26,2025-08-06,14,21%; 24%,"Aniket Mittal: So when I look at the plant load factors for solar during the quarter, it's come down to about 21%, I think, versus 24% last year."
JSWENERGY,Q1FY26,2025-08-06,15,60%,"And related to the same capacity, you guided 60% of the contracted capacity is under ₹10.8 lakh per megawatt per month."
JSWENERGY,Q1FY26,2025-08-06,16,100%,"So as the incremental organic capacity addition happens, because all the incremental pipeline is 100% contracted into long-term PPA."
JSWENERGY,Q1FY26,2025-08-06,16,700 megawatt,"So we'll continue to remain open because the plant is tied up otherwise entire capacity as compared -- when we talk of JSW Utkal, which is 700 megawatt entirely open and again, there also the fuel cost advantage."
JSWENERGY,Q1FY26,2025-08-06,17,4 gigawatt,"And when you say you're planning to add 3 to 4 gigawatt overall capacity in the year, I assume that excludes at least 1.3, right, of O2."
JSWENERGY,Q4FY25,2025-05-20,4,"1,600 MW","Having said this, We are happy to inform, JSW Energy has also secured a 1,600 MW ultra-supercritical plant in West Bengal which is fully tied up with WBSEDCL."
JSWENERGY,Q4FY25,2025-05-20,5,350 MW,"JSW Energy Limited May 15, 2025 Page 4 of 21 gone by also saw commissioning of unit 2 , 350 MW of Utkal thermal power plant which has stablised and running smoothly."
JSWENERGY,Q4FY25,2025-05-20,5,"3,600 MW; 16,084 crore","KSK Mahanadi is 3,600 MW plant and is the largest thermal asset acquired via NCLT proceedings for a total resolution amount of ₹ 16,084 crore."
JSWENERGY,Q4FY25,2025-05-20,5,"2,895 crore; 67.4%; 2,382 Crore","In FY2025 the plant reported full year reported EBITDA of ₹ 2,895 crore on a PLF of 67.4% while the underlying EBITDA stands at ₹ 2,382 Crore."
JSWENERGY,Q4FY25,2025-05-20,5,"1.3 GW; 4.7 GW; 14,000 crore","The current installed capacity of O2 is 1.3 GW and we expect it to scale to 4.7 GW by June 2027 by undertaking capital expenditure of ₹ 13,000- ₹ 14,000 crore."
JSWENERGY,Q4FY25,2025-05-20,5,4.9 GW,Beyond this we have a robust project pipeline of approximately 4.9 GW of projects where Letters of Intent or Letters of Award have been secured and PPAs are yet to be signed.
JSWENERGY,Q4FY25,2025-05-20,6,10 GW,"Coming to outlook, We’re proud to announce that we've surpassed our 10 GW capacity target set under Strategy 2.0 — a major milestone in our growth journey."
JSWENERGY,Q4FY25,2025-05-20,6,30 GW; 40 GW,"Building on this momentum,, I am happy to announce and we’re launching Strategy 3.0, our new roadmap to achieve 30 GW of generation capacity and 40 GWh of energy storage by 2030."
JSWENERGY,Q4FY25,2025-05-20,7,"1,30,000 crore","To support this, we plan to invest ₹1,30,000 crore in capital expenditure between FY26 and FY30."
JSWENERGY,Q4FY25,2025-05-20,7,11.3 MW; 30.2 GW,"With 11.3 MW under construction projects and a robust pipeline, our locked-in capacity now stands at 30.2 GW, placing us firmly on track to deliver target set under Strategy 3.0."
JSWENERGY,Q4FY25,2025-05-20,10,"18,000 crore","18,000 crores in that range to complete the ongoing projects plus the pipeline of new growth projects that have started."
JSWENERGY,Q4FY25,2025-05-20,11,"3,600 megawatt; 40%","Regarding KSK, as we have informed earlier also, that the three units which are already operating and the balance of plant which is fully ready for full 3,600 megawatt, so and in a one unit which is the fourth unit to commission, 40% of that work also is complete."
JSWENERGY,Q4FY25,2025-05-20,11,40%,"But yes, as I told you, that whatever the benchmark numbers, maybe you are aware of setting up a greenfield project, assuming that fourth unit is 40% ready, balance of plant for entire 3,600 is ready, so it can be estimated that it will be significantly lower than the normal benchmark cost for a greenfield thermal plant."
JSWENERGY,Q4FY25,2025-05-20,13,1.3 gigawatt,"Sharad Mahendra: Yes, Abhishek, as we said that we have commissioned and we have demonstrated commissioning of fresh 1.3 gigawatt of wind capacity, which faces the maximum challenge in terms of the ROW issues and implementation issues, which is almost one third of the country's capacity addition which has taken place."
JSWENERGY,Q4FY25,2025-05-20,13,30 gigawatt,"Second question is while there is a good 5 year out target of 30 gigawatt, is it possible to give us some sort of a capacity bridge like say by, I am saying let's ignore KSK and O2 power for now."
JSWENERGY,Q4FY25,2025-05-20,13,12.2 gigawatt; 12.2 gigawatt; 3.5 gigawatt; 3.5 gigawatt,"So is it possible to give us a number for say end FY '26 and FY' 27 just on the organic side if you could capacity -- Sharad Mahendra: See, as we say that from, we are talking it is 12.2 gigawatts operating portfolio and the projects which are in pipeline and to be executed within the PPA timelines, you can assume that beyond 12.2 gigawatt, maybe 3-3.5 gigawatt of capacity addition, around 3.5 gigawatt of capacity addition in a year ensures us to meet and deliver the projects on time."
JSWENERGY,Q4FY25,2025-05-20,14,30 gigawatt,"JSW Energy Limited May 15, 2025 Page 13 of 21 Sharad Mahendra: See, as we have you rightly said that maybe meeting the 30 gigawatt by 2030 the pipeline which we have take care of that."
JSWENERGY,Q4FY25,2025-05-20,14,8 gigawatt,"But we have gone ahead and secured a pipeline of barely 7 to 8 gigawatt, right?"
JSWENERGY,Q4FY25,2025-05-20,15,2.2 gigawatt,So O2 in the press release I understand that we expect that by June 25 around 2.2 gigawatt of capacities expected to be operational.
JSWENERGY,Q4FY25,2025-05-20,16,2.2 gigawatt,"And balance just if you can share, if still 2.2 gigawatt would also be solar or we will plan wind energy?"
JSWENERGY,Q4FY25,2025-05-20,17,1.9 gigawatt,And sir can you just give us a timeline as to what will be the commissioning trend for the rest of the 1.9 gigawatt hours of project?
JSWENERGY,Q4FY25,2025-05-20,17,1.9 gigawatt,"So balance 1.9 gigawatt, the PPAs which are signed, we will be executing and this is a short lead time."
JSWENERGY,Q4FY25,2025-05-20,19,1.9 gigawatt; 300 megawatt,"And the balance work, which is in progress, so by quarter end we are expecting close to 1.9 gigawatt operational capacity and about 300 megawatt of solar which is spilling over in Quarter 2."
JSWENERGY,Q4FY25,2025-05-20,20,30 gigawatt,"But as a strategy, we will be definitely be selective ensuring that if the opportunity which is coming in is meeting within our strategy 3.0 to reach 30 gigawatt we have the entire pipeline in place but we will be selective and going forward wherever we are seeing that it is return-accretive meeting our benchmark returns we will be participating."
JSWENERGY,Q4FY25,2025-05-20,20,"130,000 crore","130,000 crores of CAPEX over the next five years."
JSWENERGY,Q4FY25,2025-05-20,20,"30,000 crore; 35,000 crore","And this would require a combined CAPEX of the tune of close to around 30,000 crores to 35,000 crores."
JSWENERGY,Q4FY25,2025-05-20,20,"90,000 crore","90,000 crores which is largely targeted towards the renewable capacity generally has an executable time period of say 2-2.5 years kind of a time period."
JSWENERGY,Q4FY25,2025-05-20,20,"15,000 crore; 18,000 crore","So just to get a sense on what sort of CAPEX because you added the next year CAPEX could be to the tune of 15,000 crores to 18,000 crores but over FY'27 or '28, can we see a bulk of 25 plus kind of a run rate of CAPEX happening in the country at company level?"
JSWENERGY,Q4FY25,2025-05-20,20,1.6 gigawatt; 1.8 gigawatt; 3.4 gigawatt,"So the cost will be significantly lower for this entire 1.6 gigawatt of West Bengal and 1.8 gigawatt of KSK, which is total 3.4 gigawatt, will not be in the tune of the numbers what you have just said."
JSWENERGY,Q3FY25,2025-02-04,3,6.6%; 6.9%,"Regarding the economy, RBI has estimated GDP growth of 6.6% in the current fiscal year and a projection of 6.9% in Q1 FY26, which is primarily driven by robust economic activity and expectations of higher government expenditure in coming quarters."
JSWENERGY,Q3FY25,2025-02-04,4,"2.4 GW; 13,000 crore; 14,000 crore","As guided earlier, the additional capex of 2.4 GW of under-construction and pipeline projects is expected to be between ₹ 13,000 crores and ₹ 14,000 crores."
JSWENERGY,Q3FY25,2025-02-04,5,"3,600 MW","In another strategic move, we had bid for KSK Mahanadi Power Company under IBC proceedings, and we have now received a Letter of Intent for a 3,600 MW thermal power plant in Chhattisgarh near the coal belt."
JSWENERGY,Q3FY25,2025-02-04,5,10 GW; 350 MW,"Now talking about our progress towards 10 GW by FY2025, we have fully revived the JSW Energy Utkal Limited (formerly known as Ind-Barath Thermal Power Plant) by synchronising the second unit of 350 MW on the 15th of January and should receive COD for Unit 2 soon."
JSWENERGY,Q3FY25,2025-02-04,5,1.1 GW; 240 MW,"We are currently constructing 1.1 GW of wind projects for SECI and Group Captive, and our Kutehr hydro plant of 240 MW capacity is progressing well for commissioning in the current fiscal FY25 only."
JSWENERGY,Q3FY25,2025-02-04,5,10 GW; 20 GW; 7.8 GW; 10 GW; 3.9 GW,"Now to give the update on projects beyond the 10 GW, to reach 20 GW before FY2030, our total under-construction capacity stands at 7.8 GW with signed PPAs, which is beyond 10 GW, and we have 3.9 GW of capacity where we are expecting PPAs to be signed soon."
JSWENERGY,Q3FY25,2025-02-04,7,377 MW,"JSW Energy Limited January 28, 2025 Page 6 of 15 What has also happened during the quarter is that we have commissioned about 377 MW of incremental wind capacity, and this capacity has come in basically post peak generation season."
JSWENERGY,Q3FY25,2025-02-04,7,377 MW,"Pritesh Vinay: Yes, I was saying that we have commissioned 377 MW of wind capacity during the quarter, which has come in post peak generation season."
JSWENERGY,Q3FY25,2025-02-04,7,"26,500 cr; 5,000 cr","Talking about the balance sheet as the company continues to grow and invest additional amounts towards capex, the net debt at the end of December stood at about ₹ 26,500 cr with a cash-on-cash equivalents just shy of ₹5,000 cr."
JSWENERGY,Q3FY25,2025-02-04,8,3.6 GW,"Balance capacity, we have to recall that, I've earlier also said that most of the balance of plant is complete, whether it is power evacuation, whether it is water into the pipeline or running the plant, everything is ready for entire 3.6 GW plant capacity."
JSWENERGY,Q3FY25,2025-02-04,8,3.6 GW,"So, we are quite confident the one positive, which is there is that the balanced capacity increase to take it to entire 3.6 GW operational, it will be significantly lower than the benchmark cost of setting up a new greenfield capacity."
JSWENERGY,Q3FY25,2025-02-04,9,"1,800 MW","Do you think that, that will be a problem in the new 1,800 MW that you envisaged because those will take much longer in terms of between the date of commissioning and the COD?"
JSWENERGY,Q3FY25,2025-02-04,10,2.3 GW,"When we go to a 2.3 GW operational capacity, which is expected, say, in the middle of this year."
JSWENERGY,Q3FY25,2025-02-04,10,"2.3 GW; 1,500 crore; 4.7 GW; 3,750 crore","So you will get that at the 2.3 GW, a steady-state run rate is about ₹ 1,500 crores, where it goes to the 4.7 GW, the expected steady-state EBITDA run rate is about ₹ 3,750 crores."
JSWENERGY,Q3FY25,2025-02-04,10,7.8 GW; 10 GW,Sumit Kishore: My first question is of the 7.8 GW over and above the 10 GW target for FY '25 that you have PPAs for?
JSWENERGY,Q3FY25,2025-02-04,10,7.8 GW,"So that is the reason our readiness we are absolutely certain that the 7.8 GW of the PPA signed, these projects will be completed within the time frame as per the PPA terms and connectivity and land will not be a challenge in the both the cases."
JSWENERGY,Q3FY25,2025-02-04,12,1 GW,"Sumit Kishore: So, you had mentioned on the previous call that 1 GWh BESS will get commissioned by June25, so just wanted to check whether that plan would still be on track?"
JSWENERGY,Q3FY25,2025-02-04,12,"6,200 cr","Pritesh Vinay: So, Nikhil, for the first 9 months, the total capex that has been spent is about ₹ 6,200 cr."
JSWENERGY,Q3FY25,2025-02-04,12,"10,000 cr","And we are expecting to end the full year with close to ₹ 10,000 cr."
JSWENERGY,Q3FY25,2025-02-04,13,"15,000 cr","JSW Energy Limited January 28, 2025 Page 12 of 15 were expecting a ₹ 15,000 cr total capex for the year."
JSWENERGY,Q3FY25,2025-02-04,13,28 GW,"So, do we expect any kind of delays in renewable capacity additions for our 28 GW of locked-in capacity because of the transmission constraints?"
JSWENERGY,Q3FY25,2025-02-04,13,20 GW,What we have actually publicly stated is we were aiming to be a 20 GW generation company by 2030.
JSWENERGY,Q3FY25,2025-02-04,13,10 GW; 14 GW,"But if I were to just do a broad map assuming that at least by June quarter, if we are able to consummate both KSK and O2 Power plus our own hitting the 10 GW mark, we will be a 14 GW operating platform by Jun 25, right, which is few months from now."
JSWENERGY,Q3FY25,2025-02-04,14,8.1 GW,"So right now, we are close to 8.1 GW and another 7.8 under construction."
JSWENERGY,Q3FY25,2025-02-04,14,10 GW,"Now if by June, we are commissioning another 1.8, making it 10 GW plus the 4 of the acquisition."
JSWENERGY,Q3FY25,2025-02-04,15,250 MW; 250 MW,"Mostly, if it is a storage project alone it is not a unit, It is a rental model or lease model per MW per month, if it is 250 MW for 2 hours, then the bid normally asked for that it is 250 MW capacity per MW per month is the rental which is assured, only thing is that the plant availability is to be ensured as per the terms."
JSWENERGY,Q3FY25,2025-02-04,16,"2.4 GW; 13,000 crore","Ritwik Sheth: My question is a clarification, earlier you mentioned in the call the O2 Power acquisition, the 2.4 GW, which is under development, will require a capex of ₹ 13,000 crores."
JSWENERGY,Q3FY25,2025-02-04,16,"13,000 crore; 14,000 crore","There's a ₹ 13,000 crores to ₹ 14,000 crores expected capex."
JSWENERGY,Q3FY25,2025-02-04,16,1.8 GW,"And just on the KSK acquisition, what would be the pending capex which will be required to do to operationalize the balance 1.8 GW?"
JSWENERGY,Q3FY25,2025-02-04,16,3.6 GW; 50%,"But while doing the due diligence, as I said earlier in my opening remarks also, that the total plant capacity was fully operational is 3.6 GW and 50% is operational."
JSWENERGY,Q3FY25,2025-02-04,16,"3,600 MW","But balance of the plant, most of the balance of the plant is ready for entire 3,600 MW, whether it is the transmission evacuation line or whether it is the water pipeline."
JSWENERGY,Q3FY25,2025-02-04,16,1.8 GW,So it will be at a significantly lower cost per MW capex at which the plant will be fully operational then the benchmark greenfield cost for 1.8 GW.
